book_title,book_author,book_translator,book_pub_date,book_isbn
재미있고 빠른 첫 한글 4권 쌍자음∙받침,한빛학습연구회 ,,2020-07-20,9791162243268
회사에서 바로 통하는 실무 엑셀 매크로&VBA,김경자 ,,2020-08-20,9791162243428
포르잔 C++ 바이블,"Behrouz A. Forouzan , Richard F. Gilberg ",,2020-08-31,9791156645030
GAN 인 액션,"야쿠프 란그르 , 블라디미르 보크 ",,2020-09-17,9791162243435
우리 아이 처음 놀이,"이현주(느림보juliee) , 김소은(버터와소) -그림 ",,2020-07-20,9791190846028
만화로 보는 바빌론 부자들의 돈 버는 지혜,"조지 S. 클래이슨 , 사카노 아사히(만화) , 오하시 코스케(기획, 각본) ",,2020-09-14,9791157844456
"3D 프린터 101 : 기초부터 활용까지, 3D 프린터의 모든 것(개정판)",안상준 ,,2018-07-15,9791162240793
배워서 바로 쓰는 스프링 프레임워크,"애시시 사린 , 제이 샤르마 ",,2020-05-01,9791162243046
만들면서 배우는 워드프레스 (개정2판),박현우 ,,2020-05-11,9791162243084
이더리움 디앱 개발,로베르토 인판테 ,,2020-06-04,9791162243145
이것이 MySQL이다(개정판),우재남 ,,2020-05-10,9791162242780
핸즈온 머신러닝(2판),오렐리앙 제롱(Aurélien Géron) ,,2020-05-04,9791162242964
BPF로 리눅스 관측 가능성 향상하기,"데이비드 칼라베라 , 로렌초 폰타나 ",,2020-05-01,9791162243053
딥러닝과 바둑,"막스 펌펄라 , 케빈 퍼거슨 ",,2020-06-01,9791162243152
Maker Pro : 메이커 프로,존 베이첼 ,,2015-07-28,9788968482038
처음 시작하는 센서,"키모 카르비넨 , 테로 카르비넨 ",,2015-02-25,9788968481697
Zero to Maker: 누구나 메이커가 될 수 있다,데이비드 랭 ,,2015-02-27,9788968481710
프로젝트로 배우는 라즈베리 파이,도날드 노리스 ,,2015-04-24,9788968481888
실전 자바 소프트웨어 개발,"라울-게이브리얼 우르마 , 리처드 워버턴 ",,2020-06-20,9791162243176
Make: 라즈베리 파이 로봇,볼프람 도낫 ,,2015-08-27,9788968482144
클라우드 네이티브,"보리스 숄 , 트렌트 스완슨 , 피터 야우쇼베츠 ",,2020-06-13,9791162243183
Make: 센서,"테로 카르비넨 , 키모 카르비넨 , 빌리 발토카리 ",,2015-09-28,9788968482205
사진으로 다른 그림 찾기(똑똑한 두뇌연습 만 4~6세),한빛학습연구회 ,,2019-07-01,9791162241967
숨은 그림 찾기(똑똑한 두뇌연습 만 4~6세),한빛학습연구회 ,,2019-08-12,9791162242049
일상 무기 제작법 1 : 생활용품으로 전투 무기 만들기,존 오스틴 ,,2015-10-06,9788968482151
회사에서 바로 통하는 엑셀 함수 실무 강의,"김경자 , 송선영 ",,2017-05-31,9788968488054
회사에서 바로 통하는 엑셀 데이터 활용+분석,"김경자 , 송선영 ",,2016-06-30,9788968482823
회사에서 바로 통하는 실무 엑셀 데이터 활용+분석,"김경자 , 송선영 ",,2019-06-10,9791162241851
3D 프린팅을 위한 스케치업,리디아 클라인 ,,2017-05-01,9788968483578
전자부품 백과사전 vol.2 : 신호 처리,찰스 플랫 ,,2015-12-01,9788968482373
골빈해커의 3분 딥러닝,김진중(골빈해커) ,,2017-09-25,9791162240137
33가지 프로젝트로 배우는 아두이노,사이먼 몽크 ,,2014-05-20,9788968481000
"IT CookBook, R로 배우는 딥러닝","박혜정 , 석경하 , 심주용 , 황창하 ",,2018-06-30,9791156644095
"IT CookBook, 텐서플로로 배우는 딥러닝","박혜정 , 석경하 , 심주용 , 황창하 ",,2019-06-30,9791156644538
라즈베리 파이 쿡북,사이먼 몽크 ,,2014-12-26,9788968481536
만들면서 배우는 워드프레스(개정판),박현우 ,,2018-07-25,9791162240946
Make : 아두이노 DIY 프로젝트,"키모 카르비넨 , 테로 카르비넨 ",,2014-01-02,9788968480737
Make: Technology on Your Time Volume 02,오라일리 / 메이크 미디어 (Make Media) ,,2011-09-06,9788979148411
처음 배우는 머신러닝,"김승연 , 정용주 ",,2017-10-01,9791162240045
Make: Technology on Your Time Volume 01,오라일리 / 메이크 미디어 (Make Media) ,,2011-05-09,9788979147728
메이커 운동 선언 : 테크숍 CEO가 말하는 미래를 지배할 혁신의 원칙,마크 해치 ,,2014-05-20,9788968480980
회사에서 바로 통하는 엑셀 실무 강의,전미진 ,,2016-09-08,9788968484919
"모던 자바 인 액션 : 람다, 스트림, 함수형, 리액티브 프로그래밍으로 새로워진 자바 마스터하기","라울-게이브리얼 우르마 , 마리오 푸스코 , 앨런 마이크로프트 ",,2019-08-01,9791162242025
소문난 명강의 : 김도형의 데이터 사이언스 스쿨(수학 편),김도형 ,,2019-11-20,9791162242414
클라우드 네이티브,"보리스 숄 , 트렌트 스완슨 , 피터 야우쇼베츠 ",,2020-06-13,9791162243183
전자부품 백과사전 vol.1 : 전력 전원 및 변환,찰스 플랫 ,,2014-12-26,9788968481505
딥러닝 첫걸음,김성필 ,,2016-12-30,9788968487323
밑바닥부터 시작하는 딥러닝,사이토 고키 ,,2017-01-03,9788968484636
아이와 함께 할 수 있는 50가지 위험한 실험,"게버 털리 , 줄리 스피글러 ",,2013-04-21,9788968480089
미술관에 GAN 딥러닝 실전 프로젝트,데이비드 포스터 ,,2019-11-15,9791162241080
밑바닥부터 시작하는 딥러닝 2,사이토 고키 ,,2019-05-01,9791162241745
회사에서 바로 통하는 엑셀 함수 실무 강의,"김경자 , 송선영 ",,2017-05-31,9788968488054
"3D 프린터 101 : 기초부터 활용까지, 3D 프린터의 모든 것(개정판)",안상준 ,,2018-07-15,9791162240793
딥러닝의 정석,니킬 부두마 ,,2018-02-26,9791162240519
3D 프린터 101,"안상준 , 정재학 ",,2017-03-02,9788968483424
3D 프린터 101,"안상준 , 정재학 ",,2017-03-02,9788968483424
Make : Technology on Your Time Volume 06,메이커 미디어 ,,2013-05-21,9788968480188
Make : Technology on Your Time Volume 07,메이커 미디어 ,,2013-12-28,9788968480669
한 권으로 끝내는 딥러닝 텐서플로,"바라스 람순다르 Bharath Ramsundar , 레자 자데 Reza Bosagh Zadeh ",,2018-11-05,9791162241226
파이썬 라이브러리를 활용한 머신러닝,"안드레아스 뮐러 , 세라 가이도 ",,2017-07-01,9788968483394
파이썬 날코딩으로 알고 짜는 딥러닝,윤덕호 ,,2019-07-15,9791162242001
신경망 첫걸음,타리크 라시드 ,,2017-04-03,9788968483509
텐서플로 첫걸음,조르디 토레스 ,,2016-08-29,9788968484902
회사에서 바로 통하는 엑셀 실무 강의,전미진 ,,2018-08-30,9791162241004
Make: Technology on Your Time Volume 03,오라일리 / 메이크 미디어 (Make Media) ,,2012-04-02,9788979149128
칼만 필터는 어렵지 않아 with MATLAB Examples,김성필 ,,2019-05-20,9791156644415
Make: Technology on Your Time Volume 04,오라일리 / 메이크 미디어 (Make Media) ,,2012-09-28,9788979149586
Make: Technology on Your Time Volume 08,메이크 미디어 (Make Media) ,,2015-06-28,9788968480836
회사에서 바로 통하는 엑셀 실무 강의,전미진 ,,2016-09-08,9788968484919
회사에서 바로 통하는 실무 엑셀 데이터 활용+분석,"김경자 , 송선영 ",,2019-06-10,9791162241851
회사에서 바로 통하는 엑셀 데이터 활용+분석,"김경자 , 송선영 ",,2016-06-30,9788968482823
혼자 공부하는 자바,신용권 ,,2019-06-10,9791162241875
처음 배우는 인공지능,다다 사토시 ,,2017-06-01,9788968483318
엑셀 2016 함수&수식 바이블,최준선 ,,2018-05-04,9791162240724
엑셀 피벗&파워 쿼리 바이블,최준선 ,,2017-11-05,9791162240083
3D 프린팅을 위한 스케치업,리디아 클라인 ,,2017-05-01,9788968483578
러닝 텐서플로,"톰 호프 , 예헤즈켈 레셰프 , 이타이 리더 ",,2018-05-04,9791162240687
엑셀 2016 매크로&VBA 바이블,최준선 ,,2016-02-26,9788968482670
파이썬 라이브러리를 활용한 머신러닝(번역개정판) : 사이킷런 핵심 개발자가 쓴 머신러닝과 데이터 과학 실무서,"안드레아스 뮐러 , 세라 가이도 ",,2019-03-29,9791162241646
"모던 자바 인 액션 : 람다, 스트림, 함수형, 리액티브 프로그래밍으로 새로워진 자바 마스터하기","라울-게이브리얼 우르마 , 마리오 푸스코 , 앨런 마이크로프트 ",,2019-08-01,9791162242025
엑셀 2016 바이블,최준선 ,,2016-09-30,9788968484827
딥러닝의 정석,니킬 부두마 ,,2018-02-26,9791162240519
텐서플로 첫걸음,조르디 토레스 ,,2016-08-29,9788968484902
아두이노 101,서영배 ,,2016-10-15,9788968484780
딥러닝 첫걸음,김성필 ,,2016-12-30,9788968487323
밑바닥부터 시작하는 딥러닝,사이토 고키 ,,2017-01-03,9788968484636
소문난 명강의 : 김도형의 데이터 사이언스 스쿨(수학 편),김도형 ,,2019-11-20,9791162242414
엑셀 바이블 : 실무에 최적화된 엑셀 사용서(모든 버전 사용 가능),최준선 ,,2019-05-08,9791162241813
회사에서 바로 통하는 엑셀+파워포인트+워드 2016&한글 NEO&윈도우 10,"전미진 , 이화진 , 신면철 , 박광수 ",,2018-02-05,9791162240267
회사에서 바로 통하는 엑셀 2016,한은숙 ,,2017-07-05,9788968483356
헬로 데이터 과학 : 삶과 업무를 바꾸는 생활 데이터 활용법,김진영 ,,2016-02-23,9788968482656
신경망 첫걸음,타리크 라시드 ,,2017-04-03,9788968483509
엑셀 매크로&VBA 바이블,최준선 ,,2019-09-10,9791162242209
회사에서 바로 통하는 실무 엑셀 최강 업무 활용법,전미진 ,,2019-11-30,9791162242292
회사에서 바로 통하는 엑셀 FOR STARTERS,전미진 ,,2020-01-06,9791162242544
회사에서 바로 통하는 엑셀 실무 강의,전미진 ,,2018-08-30,9791162241004
이것이 자바다,신용권 ,,2015-01-06,9788968481475
회사에서 바로 통하는  실무 엑셀+파워포인트+워드&한글(개정판),"전미진 , 이화진 , 신면철 ",,2020-04-10,9791162243008
메이커 매뉴얼,"안드레아 마이에타 , 파올로 알리베르티 ",,2016-07-01,9788968482885
Make: 심플 로봇,케이티 세서리 ,,2016-08-01,9788968484971
회사에서 바로 통하는 실무 엑셀 매크로&VBA,김경자 ,,2020-08-20,9791162243428
칼만 필터는 어렵지 않아 with MATLAB Examples,김성필 ,,2019-05-20,9791156644415
Make: Technology on Your Time Volume 02,오라일리 / 메이크 미디어 (Make Media) ,,2011-09-06,9788979148411
Zero to Maker: 누구나 메이커가 될 수 있다,데이비드 랭 ,,2015-02-27,9788968481710
처음 배우는 인공지능,다다 사토시 ,,2017-06-01,9788968483318
Make: Technology on Your Time Volume 01,오라일리 / 메이크 미디어 (Make Media) ,,2011-05-09,9788979147728
회사에서 바로 통하는 엑셀 비즈니스 데이터 분석,히바나 히로코(日花弘子) ,,2006-03-03,8979143869
밑바닥부터 시작하는 딥러닝 2,사이토 고키 ,,2019-05-01,9791162241745
Make: Technology on Your Time Volume 03,오라일리 / 메이크 미디어 (Make Media) ,,2012-04-02,9788979149128
파이썬 날코딩으로 알고 짜는 딥러닝,윤덕호 ,,2019-07-15,9791162242001
"자바 8 인 액션 : 람다, 스트림, 함수형 프로그래밍으로 새로워진 자바 마스터하기","라울-게이브리얼 우르마 , 마리오 푸스코 , 앨런 마이크로프트 ",,2015-03-19,9788968481796
엑셀 2016 바이블,최준선 ,,2016-09-30,9788968484827
엑셀 2016 함수&수식 바이블,최준선 ,,2018-05-04,9791162240724
전자부품 백과사전 vol.1 : 전력 전원 및 변환,찰스 플랫 ,,2014-12-26,9788968481505
Make : 아두이노 DIY 프로젝트,"키모 카르비넨 , 테로 카르비넨 ",,2014-01-02,9788968480737
Make: Technology on Your Time Volume 04,오라일리 / 메이크 미디어 (Make Media) ,,2012-09-28,9788979149586
메이커 운동 선언 : 테크숍 CEO가 말하는 미래를 지배할 혁신의 원칙,마크 해치 ,,2014-05-20,9788968480980
Head First Java: 뇌 회로를 자극하는 자바 학습법(개정판),"케이시 시에라 , 버트 베이츠 ",,2005-11-16,8979143710
엑셀 피벗&파워 쿼리 바이블,최준선 ,,2017-11-05,9791162240083
Maker Pro : 메이커 프로,존 베이첼 ,,2015-07-28,9788968482038
전자부품 백과사전 vol.2 : 신호 처리,찰스 플랫 ,,2015-12-01,9788968482373
회사에서 바로 통하는 한글 NEO FOR STARTERS,신면철 ,,2017-06-28,9788968488092
회사에서 바로 통하는 엑셀+파워포인트 2016&한글 NEO,"전미진 , 이화진 , 신면철 ",,2017-07-12,9788968483363
회사에서 바로 통하는 엑셀+파워포인트 2016&한글 NEO&윈도우 10,"전미진 , 이화진 , 신면철 , 박광수(아크몬드) ",,2018-01-02,9791162240250
엑셀 매크로&VBA 바이블,최준선 ,,2019-09-10,9791162242209
Make: 센서,"테로 카르비넨 , 키모 카르비넨 , 빌리 발토카리 ",,2015-09-28,9788968482205
엑셀 2016 매크로&VBA 바이블,최준선 ,,2016-02-26,9788968482670
엑셀 함수&수식 바이블: 회사에서 필요한 함수&수식은 모두 있다!,최준선 ,,2015-04-28,9788968481826
회사에서 바로 통하는 파워포인트 FOR STARTERS,이화진 ,,2020-05-07,9791162243107
Make: 라즈베리 파이 로봇,볼프람 도낫 ,,2015-08-27,9788968482144
자바 퍼즐러 : 세상에서 가장 재미있는 자바 책,"조슈아 블로크 , 닐 개프터 ",,2014-12-27,9788968481444
33가지 프로젝트로 배우는 아두이노,사이먼 몽크 ,,2014-05-20,9788968481000
전자부품 백과사전 vol.3,"찰스 플랫 , 프레드릭 얀슨 ",,2017-05-01,9788968483493
처음 시작하는 센서,"키모 카르비넨 , 테로 카르비넨 ",,2015-02-25,9788968481697
엑셀 바이블 : 실무에 최적화된 엑셀 사용서(모든 버전 사용 가능),최준선 ,,2019-05-08,9791162241813
회사에서 바로 통하는 엑셀 2016 FOR STARTERS,전미진 ,,2017-03-15,9788968483455
필수 공식으로 하루에 하나씩 정복하는 엑셀 업무 공략집,최준선 ,,2020-06-01,9791162243169
뇌를 자극하는 Java 프로그래밍,김윤명 ,,2006-09-04,8979143974
회사에서 바로 통하는 엑셀&파워포인트 2007,"한은숙 , 고경희 ",,2008-06-11,9788979144888
회사에서 바로 통하는 엑셀 2016,한은숙 ,,2017-07-05,9788968483356
회사에서 바로 통하는 실무 엑셀+파워포인트+워드&한글,"전미진 , 이화진 , 신면철 ",,2018-09-17,9791162241097
회사에서 바로 통하는 엑셀 2010,한은숙 ,,2011-03-23,9788979147865
엑셀 2013 바이블 : 회사에서 필요한 기능은 모두 있다,최준선 ,,2013-06-25,9788968480270
회사에서 바로 통하는 한글 NEO FOR STARTERS,신면철 ,,2017-06-28,9788968488092
회사에서 바로 통하는 엑셀 2013,한은숙 ,,2014-07-09,9788968481079
회사에서 바로 통하는 실무 엑셀,한은숙 ,,2019-03-31,9791162241691
엑셀 매크로&VBA 바이블: 회사에서 필요한 코드는 모두 있다!,최준선 ,,2012-06-28,9788979149357
회사에서 바로 통하는 엑셀+파워포인트+워드 2016&한글 NEO&윈도우 10,"전미진 , 이화진 , 신면철 , 박광수 ",,2018-02-05,9791162240267
회사에서 바로 통하는 엑셀 2016 FOR STARTERS,전미진 ,,2017-03-15,9788968483455
엑셀 2013 바이블 : 회사에서 필요한 기능은 모두 있다,최준선 ,,2013-06-25,9788968480270
Head First Servlets & JSP(개정판) : 상상력을 자극하는 몰입의 학습법,"케이시 시에라 , 버트 베이츠 , 브라얀 바샴 ",,2009-02-02,9788979146639
"IT CookBook, 엑셀 2013 : 기본 기능부터 실무 활용까지",하숙정 ,,2015-02-16,9791156641506
회사에서 바로 통하는 엑셀 2013 & 한글 2014,"전미진 , 신면철 ",,2015-06-28,9788968482076
라즈베리 파이 쿡북,사이먼 몽크 ,,2014-12-26,9788968481536
회사에서 바로 통하는 엑셀 2010,한은숙 ,,2011-03-23,9788979147865
회사에서 바로 통하는 파워포인트 2016 FOR STARTERS,이화진 ,,2017-04-14,9788968483462
Make: 액션,사이먼 몽크 ,,2016-12-06,9788968484674
회사에서 바로 통하는 엑셀&파워포인트 2007,"한은숙 , 고경희 ",,2008-06-11,9788979144888
"IT CookBook , 엑셀과 파워포인트 2016",김지연 ,,2017-12-27,9791156643760
"IT CookBook, 초보자의 첫 번째 엑셀 2007",양숙희 ,,2014-02-19,9788998756000
Head First Design Patterns: 스토리가 있는 패턴 학습법,"에릭 프리먼 , 엘리자베스 프리먼 , 케이시 시에라 , 버트 베이츠 ",,2005-08-22,8979143400
엑셀 2007 바이블: 엑셀의 거의 모든 기능,최준선 ,,2008-11-28,9788979146042
프로젝트로 배우는 라즈베리 파이,도날드 노리스 ,,2015-04-24,9788968481888
"IT CookBook, 엑셀 2007 실무와 활용",한은숙 ,,2014-02-17,9788998756918
회사에서 바로 통하는 파워포인트 2016 FOR STARTERS,이화진 ,,2017-04-14,9788968483462
"IT CookBook, 엑셀 2016",김지연 ,,2018-06-29,9791156644057
회사에서 바로 통하는 엑셀 2007 개정판,전미진 ,,2009-08-21,9788979146776
"IT CookBook, 엑셀과 파워포인트 2007 실무와 활용","한은숙 , 고경희 ",,2013-03-12,9788998756093
세상에서 제일 친절한 엑셀,박재영 ,,2017-04-05,9788968484605
"IT CookBook, 엑셀 2013 : 기본 기능부터 실무 활용까지",하숙정 ,,2015-02-16,9791156641506
"IT CookBook, 초보자의 첫 번째 파워포인트 2007",고경희 ,,2009-11-05,9788979147025
회사에서 바로 통하는 한글 2014,신면철 ,,2015-02-27,9788968481734
회사에서 바로 통하는 엑셀 2013,한은숙 ,,2014-07-09,9788968481079
"IT CookBook, 엑셀 2013 for Beginner",양숙희 ,,2014-11-28,9791156641407
"IT CookBook, 초보자의 첫 번째 엑셀 2010",양숙희 ,,2013-03-12,9788998756109
회사에서 바로 통하는 엑셀 2013 & 한글 2014,"전미진 , 신면철 ",,2015-06-28,9788968482076
뇌를 자극하는 JSP & Servlet,김윤명 ,,2010-12-15,9788979147506
"IT CookBook, 컴퓨터 실습 : 윈도우 XP, 한글 2007, 엑셀 2007, 파워포인트 2007","김주영 , 정영준 ",,2013-03-20,9788998756185
"IT CookBook, 엑셀 2007 실무와 활용",한은숙 ,,2014-02-17,9788998756918
회사에서 바로 통하는 실무 엑셀,한은숙 ,,2019-03-31,9791162241691
"IT CookBook, 초보자의 첫 번째 엑셀 2007",양숙희 ,,2014-02-19,9788998756000
엑셀 2007 바이블: 엑셀의 거의 모든 기능,최준선 ,,2008-11-28,9788979146042
회사에서 바로 통하는 엑셀 2007 개정판,전미진 ,,2009-08-21,9788979146776
"IT CookBook, 초보자의 첫 번째 한글 2010",양숙희 ,,2014-08-01,9791156641124
회사에서 바로 통하는 엑셀+파워포인트 2013&한글 2014,"전미진 , 이화진 , 신면철 ",,2015-04-28,9788968481932
회사에서 바로 통하는 엑셀+파워포인트+워드 2013 & 한글 2014,"전미진 , 이화진 , 신면철 ",,2015-05-19,9788968481949
회사에서 바로 통하는 엑셀+파워포인트+워드 2013 & 한글 2014 & 윈도우 10,"전미진 , 이화진 , 신면철 , 박광수(아크몬드) ",,2016-03-28,9788968482731
리팩토링: 코드 품질을 개선하는 객체지향 사고법,마틴 파울러 ,,2012-11-01,9788979149715
"IT CookBook, 엑셀 2010 실무와 활용",전미진 ,,2014-02-24,9788998756802
Elemental Design Patterns : 객체지향과 디자인 패턴의 연결 고리,제이슨 맥컴 스미스 ,,2013-05-02,9788968480140
"IT CookBook, 컴퓨터 활용 : 윈도우 7, 한글 2010, 엑셀 2010, 파워포인트 2010","김주영 , 정영준 ",,2013-03-20,9788998756154
Head First HTML5 Programming: 웹 표준으로 만드는 생동감 있는 웹 애플리케이션,"에릭 프리먼 , 엘리자베스 롭슨 ",,2012-07-28,9788979149326
"IT CookBook, 엑셀 2013 for Beginner",양숙희 ,,2014-11-28,9791156641407
"IT CookBook, 파워포인트 2016",김지연 ,,2019-06-29,9791156644514
"IT CookBook, 컴퓨터 활용과 실습 2016",김주영 ,,2019-07-15,9791156644507
"IT CookBook, 컴퓨터 활용과 실습 : 컴퓨터 기초, 한글 2014, 엑셀 2013, 파워포인트 2013",김주영 ,,2015-02-02,9791156641490
Head First HTML and CSS(개정판) : HTML5를 적용한 웹 제작 지침서,"엘리자베스 롭슨 , 에릭 프리먼 ",,2013-04-11,9788968480126
회사에서 바로 통하는 한글 2014,신면철 ,,2015-02-27,9788968481734
"IT CookBook, 데이터베이스 기초와 실습 : 액세스 2010",김지연 ,,2013-08-21,9788998756369
"IT CookBook, 데이터베이스 기초와 실습 : 액세스 2013",김지연 ,,2015-12-28,9791156642404
"IT CookBook, 컴퓨터 실습 : 윈도우 XP, 한글 2007, 엑셀 2007, 파워포인트 2007","김주영 , 정영준 ",,2013-03-20,9788998756185
엑셀 2010 바이블,최준선 ,,2011-09-28,9788979148541
회사에서 바로 통하는 파워포인트 2013,전상오 ,,2014-11-25,9788968481413
엑셀 2010 함수 바이블,이동숙 ,,2011-02-28,9788979148084
"IT CookBook, 초보자의 첫 번째 한글 2010",양숙희 ,,2014-08-01,9791156641124
"IT CookBook, 초보자의 첫 번째 엑셀 2010",양숙희 ,,2013-03-12,9788998756109
"IT CookBook, 한글 2014 for Beginner",양숙희 ,,2014-12-04,9791156641414
회사에서 바로 통하는 엑셀&파워포인트 2010,"이희정 , 전미진 ",,2010-09-16,9788979147636
"IT CookBook, 엑셀과 파워포인트 2013 개정판",강동진 외 4 ,,2015-04-10,9791156641773
회사에서 바로 통하는 엑셀+파워포인트+워드 2013(개정판),"전미진 , 이화진 , 신면철 ",,2014-10-28,9788968481369
Effective Unit Testing : 클린 코드와 좋은 설계를 이끄는 단위 테스트,라쎄 코스켈라 ,,2013-11-11,9788968480621
"모던 웹을 요리하는 초간편 HTML5 Cookbook : 자바스크립트 API, 로컬 저장소, 접근성, 지오로케이션","크리스토퍼 슈미트 , 카일 심슨 ",,2012-08-17,9788979149401
읽기 좋은 코드가 좋은 코드다: 더 나은 코드를 작성하는 간단하고 실전적인 테크닉,"더스틴 보즈웰 , 트레버 파우커 ",,2012-04-26,9788979149142
읽기 좋은 자바스크립트 코딩 기법: 유지보수가 쉬운 코드로 팀의 생산성을 높이자,니콜라스 자카스 ,,2013-01-26,9788979149883
사전처럼 바로 찾아 쓰는 HTML5 핵심 API,하타노 후토미 ,,2011-12-01,9788979148732
회사에서 바로 통하는 엑셀 2010 함수 이해&활용,최준선 ,,2012-09-17,9788979149630
"IT CookBook, 초보자의 첫 번째 파워포인트 2010",최희식 ,,2013-07-28,9788998756536
한 번에 배우는 HTML5+자바스크립트,지닌 마이어 ,,2011-05-22,9788979148268
자바 객체지향 디자인 패턴: UML과 GoF 디자인 패턴 핵심 10가지로 배우는,"정인상 , 채흥석 ",,2014-04-28,9788968480911
프로젝트로 배우는 HTML5+자바스크립트,지닌 마이어 ,,2012-06-22,9788979149241
좋은 코딩 나쁜 코딩 : 단순한 코드가 좋은 코드다 (2판),박진수 ,,2013-10-10,9788968480560
"IT CookBook, 파워포인트 2013 : 기본 기능부터 프레젠테이션 스킬까지 한번에!","채종서 , 차유빈 ",,2014-12-17,9791156641377
회사에서 바로 통하는 엑셀&파워포인트 2013,"이희정 , 전미진 ",,2014-11-25,9788968481406
회사에서 바로 통하는 파워포인트 2010,"이상훈 , 김연희 ",,2011-05-03,9788979148015
"IT CookBook, 컴퓨터 활용 : 윈도우 7, 한글 2010, 엑셀 2010, 파워포인트 2010","김주영 , 정영준 ",,2013-03-20,9788998756154
코딩의 기술 : C와 C++ 게임 코드로 알아보는,오즈 모리하루 ,,2016-03-28,9788968482694
"IT CookBook, 엑셀 2010 실무와 활용",전미진 ,,2014-02-24,9788998756802
회사에서 바로 통하는 엑셀+파워포인트 2013&한글 2014,"전미진 , 이화진 , 신면철 ",,2015-04-28,9788968481932
리팩터링 2판 (리팩토링 개정판),마틴 파울러 ,,2020-04-01,9791162242742
"IT CookBook, 파워포인트 2013 for Beginner",최희식 ,,2014-10-28,9791156641285
"Blog2Book, 자바 개발자도 쉽고 즐겁게 배우는 테스팅 이야기",이상민 ,,2009-12-09,9788979147124
"IT CookBook, 초보자의 첫 번째 워드 2010",최희식 ,,2014-02-19,9788998756987
"IT CookBook, 인터넷 윤리","최희식 , 김상균 ",,2016-08-26,9791156642503
"IT CookBook, 워드 2013 for Beginner",최희식 ,,2014-10-28,9791156641384
더 나은 프로그래밍을 위한 코드골프 : 즐기면서 배우는 자바스크립트 코드 퍼즐과 알고리즘,야나이 마사카즈 ,,2015-01-28,9788968481673
HTML5 Canvas : 웹의 한계를 캔버스로 뛰어 넘는다,"스티브 펄튼 , 제프 펄튼 ",,2012-01-09,9788979148985
테스트 주도 개발 : 고품질 쾌속개발을 위한 TDD 실천법과 도구,채수원 ,,2010-06-08,9788979147261
위닝 프레젠테이션 : 프레젠테이션 전문 코치가 1:1로 가르쳐주는 30가지 비밀,채종서 ,,2014-03-27,9788968480898
Head First JavaScript Programming : 게임과 퍼즐로 배우는 자바스크립트 입문서,"에릭 프리먼 , 엘리자베스 롭슨 ",,2015-01-27,9788968481567
회사에서 바로 통하는 엑셀+파워포인트+워드 2010,"전미진 , 이화진 , 신면철 ",,2011-08-22,9788979148534
당신의 프레젠테이션이 항상 그 모양인 이유,전철웅 ,,2011-05-28,9788979147803
slide:ology - 위대한 프레젠테이션을 만드는 예술과 과학,낸시 두아르떼(Nancy Duarte) ,,2010-03-08,9788979147308
웹 표준 가이드: HTML5 + CSS3,존 앨섭(John Allsopp) ,,2010-11-25,9788979147940
자바스크립트를 말하다 : 가장 간결하면서도 완벽한 자바스크립트 입문서,악셀 라우슈마이어 ,,2014-09-12,9788968481192
회사에서 바로 통하는 엑셀&파워포인트 2010,"이희정 , 전미진 ",,2010-09-16,9788979147636
만들면서 배우는 HTML5+CSS3+jQuery,야무(지훈) ,,2012-03-12,9788979149104
엑셀 2010 바이블,최준선 ,,2011-09-28,9788979148541
"인사이드 자바스크립트 : 핵심 개념과 원리를 정확하게. jQuery, Node.js, 클로저의 개념까지","송형주 , 고현준 ",,2014-01-02,9788968480652
인포그래픽 프레젠테이션 : 보는 순간 착 달라붙는 인포그래픽 제작 비법 68,곽승원 ,,2014-01-02,9788968480751
"모던 웹 디자인을 위한 HTML5+CSS3 입문, 개정판",윤인성 ,,2015-01-19,9788968481611
훌륭한 프로그래머 되는 법 : 프로젝트와 팀을 성공으로 이끄는 선배 개발자의 노하우,피트 구들리프 ,,2015-12-04,9788968482304
HTML5+CSS3 정복 : 실습 위주의 친절한 HTML5 자습서,김상형 ,,2014-09-28,9788968481277
더글라스 크락포드의 자바스크립트 핵심 가이드,더글라스 크락포드(Douglas Crockford) ,,2008-09-26,9788979145984
회사에서 바로 통하는 파워포인트 2013,전상오 ,,2014-11-25,9788968481413
누구나 할 수 있는 인포그래픽 with 파워포인트,곽승원(꽉군) ,,2015-11-27,9788968482434
모던 웹을 위한 HTML5 웹소켓 프로그래밍,"바네사 왕 , 프랭크 살림 , 피터 모스코비츠 ",,2013-07-24,9788968480317
파워포인트 블루스,김용석 ,,2009-05-21,9788979146653
엑셀 2010 함수 바이블,이동숙 ,,2011-02-28,9788979148084
컨설턴트가 알려주는 보고서 작성의 기술 with 파워포인트,홍장표 ,,2015-07-17,9788968481925
"IT CookBook, 컴퓨터 활용과 실습 : 컴퓨터 기초, 한글 2014, 엑셀 2013, 파워포인트 2013",김주영 ,,2015-02-02,9791156641490
TopCoder 탑코더 알고리즘 트레이닝,타카하시 나오히로 ,,2013-10-28,9788968480553
Programming Challenges: 알고리즘 트레이닝 북,"스티븐 스키에나 , 미구엘 레비야 ",,2004-07-14,8979142889
뇌를 자극하는 알고리즘,박상현 ,,2009-09-04,9788979146875
회사에서 바로 통하는 엑셀 2010 함수 이해&활용,최준선 ,,2012-09-17,9788979149630
"JavaScript+jQuery 정복 : 보고, 이해하고, 바로 쓰는 자바스크립트 공략집",김상형 ,,2014-10-17,9788968481321
누워서 읽는 알고리즘: 프로그래밍 상상력을 키워주는 알고리즘 이야기,임백준 ,,2015-10-16,9788968482274
나는 프로그래머다,임백준외 6명 ,,2004-03-16,8979142749
만들면서 배우는 모던 웹사이트 디자인,야무(지훈) ,,2014-03-17,9788968480904
"안드로이드 프로그래밍 정복 4판, 2권",김상형 ,,2016-01-22,9788968482533
Head First HTML with CSS & XHTML : 웹2.0 시대의 웹 표준 학습법,"에릭 프리먼 , 엘리자베스 프리먼 ",,2006-05-28,8979144105
"모던 웹을 위한 JavaScript + jQuery 입문(개정판) : 자바스크립트에서 제이쿼리, 제이쿼리 모바일까지 한 권으로 끝낸다",윤인성 ,,2013-09-03,9788968480423
"IT CookBook, C++ 트레이닝",김상형 ,,2018-03-25,9791156643906
만들면서 배우는 모던 웹사이트 제작,야무(지훈) ,,2015-04-20,9788968481871
"IT CookBook, C 언어 트레이닝",김상형 ,,2017-12-04,9791156643609
"팟캐스트 나는 프로그래머다: 뉴욕, 서울, 도쿄 개발자의 촌철살인 IT 이야기","임백준 , 정도현 , 김호광 ",,2015-10-19,9788968482281
파이썬 정복,김상형 ,,2018-04-02,9791162240540
"IT CookBook, 엑셀과 파워포인트 2013 개정판",강동진 외 4 ,,2015-04-10,9791156641773
The Art of Computer Programming 1: 기초 알고리즘(개정 3판),도널드 커누스(Donald E. Knuth) ,,2006-09-28,9788979144307
누워서 읽는 퍼즐북 : 뉴욕의 프로그래머 임백준의 퍼즐이야기,임백준 ,,2010-01-15,9788979147193
"(꼬마해커의 작업실, 수프) 스크래치 알고리즘 : 초등학생도 볼 수 있는 가장 쉬운 알고리즘",김종훈 ,,2014-11-12,9788968481390
The Art of Computer Programming 2: 준수치적 알고리즘(개정 3판),도널드 커누스(Donald E. Knuth) ,,2007-09-14,9788979144840
프로그래머의 리더십,정영훈 ,,2015-01-05,9788968481512
"Blog2Book, 아는 만큼 보이는 데이터베이스 설계와 구축",이춘식 ,,2008-07-04,9788979145571
폴리글랏 프로그래밍 : 새로운 자바 언어를 기다리는 히치하이커를 위한 안내서,임백준 ,,2014-03-18,9788968480867
행복한 프로그래밍(개정판),임백준 ,,2016-11-18,9788968484704
The Art of Computer Programming 4A 컴퓨터 프로그래밍의 예술: 조합적 알고리즘 1부,도널드 커누스(Donald E. Knuth) ,,2013-08-19,9788968480287
"안드로이드 프로그래밍 정복 4판, 1권",김상형 ,,2016-01-22,9788968482526
"IT CookBook, C++ 프로그래밍 기초 : 객체지향의 시작","성윤정 , 김태은 ",,2014-03-12,9791156641049
Hello Coding 파이썬,윤인성 ,,2018-01-02,9791162240274
임백준의 아카 시작하기 : Akka 개념 잡기,임백준 ,,2015-10-29,9788968487897
프로그래머로 사는 법: 프로그래머의 길을 걸어가는 당신을 위한 안내서,샘 라이트스톤 ,,2012-10-17,9788979149623
프로그래머 첫걸음,코리 알트호프 ,,2018-01-02,9791162240380
"IT CookBook, 파워포인트 2013 : 기본 기능부터 프레젠테이션 스킬까지 한번에!","채종서 , 차유빈 ",,2014-12-17,9791156641377
"(10대를 위한 프로그래밍 노트, 수프) 코딩 클럽 LV1. 모두를 위한 파이썬 기초",크리스 로피 ,,2015-08-26,9788968482168
The Art of Computer Programming 3: 정렬과 검색(개정 2판),도널드 커누스(Donald E. Knuth)) ,,2008-01-01,9788979145496
"IT CookBook, C C++로 배우는 자료구조론",주우석 ,,2015-02-24,9791156641780
팟캐스트 나는 프로그래머다 2탄,"임백준 , 정도현 , 김호광 ",,2016-06-23,9788968482908
"(10대를 위한 프로그래밍 노트, 수프) 프로그래밍 비타민 : 컴퓨팅 사고력을 키우는 22가지 이야기",김종훈 ,,2015-07-28,9788968482106
"IT CookBook for Beginner, C++ 기초","신호철 , 조인현 ",,2013-08-13,9788998756475
브루스 테이트의 세븐 랭귀지 : 프로그래머라면 알아야 할 미래를 품은 7가지 언어,브루스 테이트 ,,2015-04-27,9788968481857
SQL 레벨업 : DB 성능 최적화를 위한 SQL 실전 가이드,미크 ,,2016-01-22,9788968482519
프로그래밍은 상상이다,임백준 ,,2008-09-01,9788979145946
"Head First Python, 개정판",폴 배리 ,,2017-12-04,9791162240281
이것이 C++이다,최호성 ,,2016-01-19,9788968482465
"(10대를 위한 프로그래밍 노트, 수프) 앱 인벤터: 나만의 앱 만들기! 구글과 MIT 기술로 배우는 컴퓨팅 사고력",김종훈 ,,2016-01-14,9788968482342
Hello Coding 프로그래밍,Pope Kim ,,2018-01-02,9791162240342
파이썬으로 배우는 프로그래밍 기초,크리스 로피 ,,2016-08-18,9788968484940
"IT CookBook, C로 배우는 쉬운 자료구조(개정판)",이지영 ,,2013-07-28,9788998756383
"IT CookBook, 자바로 배우는 쉬운 자료구조",이지영 ,,2013-07-02,9788998756420
위닝 프레젠테이션 : 프레젠테이션 전문 코치가 1:1로 가르쳐주는 30가지 비밀,채종서 ,,2014-03-27,9788968480898
"(10대를 위한 프로그래밍 노트, 수프) 코딩 클럽 LV4. 파이썬 프로그래밍 아트",크리스 로피 ,,2016-09-28,9788968484797
"IT CookBook, C C++ 프로그래밍 : 프로그래밍 기초와 객체지향",김동근 ,,2013-03-12,9788998756086
"IT CookBook, OpenGL로 배우는 3차원 컴퓨터 그래픽스",주우석 ,,2013-08-18,9788998756505
나의 첫 파이썬,에릭 마테스 ,,2017-05-01,9788968483561
자바스크립트 자료구조와 알고리즘 : 구조적이고 효율적인 자바스크립트 프로그래밍 기법 익히기,마이클 맥밀런 ,,2014-08-28,9788968481222
Hello Coding 그림으로 개념을 이해하는 알고리즘,아디트야 바르가바 ,,2017-04-01,9788968483547
"IT CookBook, 전공자를 위한 C 언어 프로그래밍",주우석 ,,2018-12-14,9791156643708
뇌를 자극하는 C# 5.0 프로그래밍,박상현 ,,2014-08-19,9788968481161
Head First SQL : 효율적인 DB 관리를 위한 SQL 학습법,린 베일리 ,,2008-05-28,9788979145601
"IT CookBook, C로 배우는 쉬운 자료구조(개정3판)",이지영 ,,2016-07-28,9791156642695
인포그래픽 프레젠테이션 : 보는 순간 착 달라붙는 인포그래픽 제작 비법 68,곽승원 ,,2014-01-02,9788968480751
당신의 프레젠테이션이 항상 그 모양인 이유,전철웅 ,,2011-05-28,9788979147803
slide:ology - 위대한 프레젠테이션을 만드는 예술과 과학,낸시 두아르떼(Nancy Duarte) ,,2010-03-08,9788979147308
SQL 첫걸음: 하루 30분 36강으로 배우는 완전 초보의 SQL 따라잡기,아사이 아츠시 ,,2015-10-26,9788968482311
"IT CookBook, 컴퓨터 비전",오일석 ,,2014-07-01,9791156641216
"Blog2Book, 프로젝트 관리자PM를 위한 프로젝트 관리 이야기",신진현 ,,2015-02-27,9788968481048
"IT CookBook, 디지털 영상처리 입문 : 오감을 자극하는 3차원 입체 학습","신종홍 , 장선봉 , 지인호 ",,2015-02-16,9791156641766
"(10대를 위한 프로그래밍 노트, 수프) 코딩 클럽 LV2. 본격 파이썬 입문",크리스 로피 ,,2015-08-26,9788968482175
Head First PHP & MySQL: 효과적이고 생동감 넘치는 웹 애플리케이션 만들기,"린 베일리 , 마이클 모리슨 공저 ",,2010-05-07,9788979147391
"(10대를 위한 프로그래밍 노트, 수프) 코딩 클럽 LV3. 제대로 된 파이썬 앱 만들기",크리스 로피 ,,2015-11-06,9788968482335
"IT CookBook, 파워포인트 2013 for Beginner",최희식 ,,2014-10-28,9791156641285
나의 첫 파이썬(2판),에릭 마테스 ,,2020-07-01,9791162243060
"(꼬마해커의 작업실, 수프) 스크래치 : 창의력과 문제해결능력 향상을 위한 첫걸음","김종훈 , 양영훈 ",,2014-03-20,9788968480829
"IT CookBook, 쉽게 배우는 알고리즘 : 관계 중심의 사고법",문병로 ,,2013-07-02,9788998756406
자바스크립트 성능 최적화: High Performance JavaScript,니콜라스 자카스 ,,2011-09-15,9788979148558
컨설턴트가 알려주는 보고서 작성의 기술 with 파워포인트,홍장표 ,,2015-07-17,9788968481925
기계 학습,오일석 ,,2017-12-05,9791156641582
"Head First PMP : 체계적인 프로젝트 관리를 위한 국제 공인 학습법 (개정3판, PMBOK® 지침서 5판 시험대비용)","제니퍼 그린 , 앤드류 스텔만 ",,2014-09-12,9788968481154
누구나 할 수 있는 인포그래픽 with 파워포인트,곽승원(꽉군) ,,2015-11-27,9788968482434
알고리즘 문제 풀이 전략,"조중필 , 한현상 , 이주호 ",,2016-06-01,9788968482700
뇌를 자극하는 PHP 프로그래밍,조명진 ,,2009-07-21,9788979146585
"IT CookBook, 영상을 이용한 디지털 신호처리 : 실제적인 사례와 응용","엄민영 , 김성제 ",,2014-01-28,9788998756857
"IT CookBook, 컴퓨터 구조와 원리 2.0 : 비주얼 컴퓨터 아키텍처",신종홍 ,,2013-08-21,9788998756314
임백준의 대살개문,임백준 ,,2016-04-28,9788968482748
"IT CookBook, 초보자의 첫 번째 워드 2010",최희식 ,,2014-02-19,9788998756987
스크래치를 활용한 문제해결능력 향상,김종훈 ,,2016-02-19,9788968482625
드림팀의 악몽: 산으로 가는 팀 프로젝트를 바로잡는 애자일 코칭법,포샤 텅 ,,2014-05-16,9788968480973
파워포인트 블루스,김용석 ,,2009-05-21,9788979146653
"IT CookBook, 쉽게 배우는 알고리즘(개정판)",문병로 ,,2018-01-20,9791156643753
보고서 작성 실무 강의,홍장표 ,,2019-10-30,9791162242254
"IT CookBook, 워드 2013 for Beginner",최희식 ,,2014-10-28,9791156641384
"IT CookBook, 쉽게 배우는 유전 알고리즘 : 진화적 접근법",문병로 ,,2014-09-02,9791156641353
"IT CookBook, 인터넷 윤리","최희식 , 김상균 ",,2016-08-26,9791156642503
PMP 바이블 : PMP 자격증 취득의 길로 안내하는 가장 확실한 지침서 (전2권 세트),"강정배 , 서정훈 , 이지현 , 박주진 ",,2015-01-07,9788968481604
"IT CookBook, PHP 프로그래밍 for Beginner","박대혁 , 강의선 ",,2009-07-08,9788979146318
"Head First Agile : 개념부터 시험 대비까지, 가장 애자일다운 안내서","앤드류 스텔만 , 제니퍼 그린 ",,2019-08-01,9791162242018
"Modern PHP: 네임스페이스, 트레이트, 클로저부터 모범 사례와 최신 도구까지",조시 록하트 ,,2015-10-15,9788968482250
"IT CookBook, 초보자의 첫 번째 워드 2007",최희식 ,,2009-11-05,9788979146998
회사에서 바로 통하는 엑셀+파워포인트+워드 2010,"전미진 , 이화진 , 신면철 ",,2011-08-22,9788979148534
"IT CookBook, 소프트웨어 세상을 여는 컴퓨터 과학",김종훈 ,,2018-01-26,9791156643814
"Blog2Book, 프로젝트 성패를 결정짓는 데이터 모델링 이야기",김상래 ,,2015-09-17,9788968482212
"IT CookBook, PHP 프로그래밍 입문(개정판)",황재호 ,,2013-05-28,9788998756208
창의적인 문제 해결 능력을 키워주는 IT 퍼즐,"김종훈 , 김병수 , 김태훈 , 양영훈 , 오정철 , 현동림 ",,2017-08-01,9788968488634
"IT CookBook, 컴퓨터 아키텍처 : 컴퓨터 구조 및 동작 원리",우종정 ,,2014-08-11,9791156641322
대학생을 위한 파이썬 프로그래밍 : 누구나 할 수 있는 가장 쉬운 프로그래밍 입문서,크리스 로피 ,,2016-01-26,9788968482540
맥 사용자를 위한 엑셀+파워포인트+워드 2016 : Office for Mac,장경호 ,,2016-02-26,9788968482595
"최고의 아빠가 알려주는 1등 코딩, 스크래치 3.0",김종훈 ,,2019-09-10,9791162242100
공학과 경영,김상균 ,,2016-07-07,9791156642626
"IT CookBook, C++ 하이킹 : 객체지향과 만나는 여행","성윤정 , 김태은 ",,2013-06-19,9788998756215
뇌를 자극하는 C++ 프로그래밍,이현창 ,,2006-07-06,8979144199
"IT CookBook, 기본 개념과 핵심 원리로 배우는 C++ 프로그래밍",김화수 ,,2017-12-22,9791156643647
대학생을 위한 스크래치 프로그래밍 : 누구나 할 수 있는 가장 쉬운 프로그래밍 입문서,김종훈 ,,2016-01-26,9788968482557
"IT CookBook, 디지털 신호 처리 : 기본 이론부터 MATLAB 실습까지",이철희 ,,2013-07-31,9788998756307
"Introduction To Algorithms, Third Edition","토머스 코멘 , 찰스 레이서손 , 로날드 리베스트 , 클리포드 스타인 ",,2014-07-10,9791156641131
Hello Coding HTML5+CSS3,황재호 ,,2018-03-02,9791162240502
처음 시작하는 파이썬: 파이썬 패키지를 활용한 모던 컴퓨팅 입문,빌 루바노빅 ,,2015-12-04,9788968482397
"IT CookBook, HTML & CSS for Beginner",황재호 ,,2016-11-10,9791156642794
PHP 보안: 몇 줄의 코드로 안전하게,크리스 쉬플릿 ,,2006-03-07,8979143877
"IT CookBook, 쉽게 배우는 자바 프로그래밍",우종정 ,,2017-08-02,9791156643296
"IT CookBook, 컴퓨터 사이언스(개정판) : 새내기를 위한 최신 컴퓨터 개론","이동명 , 권오현 , 고정국 ",,2015-12-28,9791156642428
"IT CookBook, 임베디드 리눅스 기초와 응용","우종정 , 사공준 ",,2017-01-24,9791156643135
키노트 6.x 프레젠테이션 : 키노트 사용자를 위한 기본+활용법,윤춘근 ,,2014-06-20,9788968481123
도와주세요! 맥북이 생겼어요 : Mac OS X Yosemite 요세미티,김경범 ,,2014-11-28,9788968481338
"IT CookBook, 핵심이 보이는 신호 및 시스템 : 기본 이론부터 MATLAB 실습까지",이철희 ,,2015-01-09,9791156641469
맥 쓰는 사람들과 함께하는 Mac OS X 바이블,고래돌이(김상우) ,,2015-01-27,9788968481628
창의적 공학설계(개정판),김은경 ,,2016-01-08,9791156642381
"IT CookBook, 기초 신호 및 시스템",이철희 ,,2016-07-18,9791156642657
뇌를 자극하는 C++ STL,공동환 ,,2012-04-26,9788979149135
The Nature of Software Development,론 제프리스 ,,2016-12-31,9788968484650
"IT CookBook, GOOD JAVA : 프로그래밍을 시작하는 사람들을 위한",우재남 ,,2016-02-16,9791156642442
모던 웹을 위한 JavaScript + jQuery 입문(3판),윤인성 ,,2017-05-01,9788968483554
"IT CookBook, JUST JAVA : 객체지향에 충실한 자바다운 자바",황희정 ,,2015-10-26,9791156642015
인터랙티브 웹디자인북: 웹디자이너를 위한 HTML5+CSS3+jQuery 사용설명서,최성일 ,,2015-04-27,9788968481895
처음 시작하는 파이썬(2판),빌 루바노빅 ,,2020-08-24,9791162243336
키노트 프레젠테이션(키노트 사용자를 위한 기본+활용법),윤춘근 ,,2011-11-21,9788979148787
"IT CookBook, 우분투 리눅스 : 시스템 & 네트워크",이종원 ,,2014-07-03,9791156641209
"IT CookBook, 통신시스템의 기초 : Fundamentals of Communications Systems",마이클 피츠 ,,2009-03-09,9788979146554
"IT CookBook, 리눅스 프로그래밍 기초 : 시스템 호출, 라이브러리 함수별 실습","최태영 , 황준하 , 고재필 , 윤현주 , 김용호 ",,2015-08-17,9791156641964
"IT CookBook, 컴퓨터 개론 : 쉽게 배우는 컴퓨터 기본 원리","김종훈 , 김종진 ",,2013-03-12,9788998756055
"IT CookBook, 페도라 리눅스 : 시스템 & 네트워크",이종원 ,,2014-01-02,9788998756659
전문가를 위한 C++ : C++ 11을 대하는 유쾌한 방법(개정판 2권),"마크 그레고리 , 니콜라스 솔터 , 스캇 클레퍼 ",,2013-10-17,9788968480393
맥 쓰는 사람들과 함께하는 macOS 시에라,고래돌이 ,,2017-02-15,9788968484582
"IT CookBook, Android Studio를 활용한 안드로이드 프로그래밍(5판)","우재남 , 박길식 ",,2020-01-08,9791156644804
설계 프로세스로 배우는 창의적 공학설계,노승환 ,,2014-06-27,9791156641094
"IT CookBook, 자바 프로그래밍 기초 : 원리부터 응용까지",고응남 ,,2008-12-15,9788979146523
전문가를 위한 C++ : C++ 11을 대하는 유쾌한 방법(개정판 1권),"마크 그레고리 , 니콜라스 솔터 , 스캇 클레퍼 ",,2013-10-17,9788968480386
인터랙티브 디벨로퍼: 구글 엔지니어의 포트폴리오,김종민 ,,2015-07-24,9788968481840
이것이 리눅스다 (개정판) with RedHat CentOS 8,우재남 ,,2020-04-10,9791162242605
"IT CookBook, 프로젝트로 배우는 자바 웹 프로그래밍",황희정 ,,2014-01-09,9788998756680
우분투 환경에서 C 언어로 배우는 리눅스 프로그래밍,이이오 준 ,,2012-09-24,9788979149531
이것이 MySQL이다(개정판),우재남 ,,2020-05-10,9791162242780
"IT CookBook, 원리로 이해하는 통신이론 : Analog & Digital Communications",한동석 ,,2015-01-01,9791156641445
사전처럼 바로 찾아 쓰는 자바7 : 기본부터 심화까지 해결하는 문제 해결의 길잡이,조시 주노 외 3인 ,,2013-10-28,9788968480546
리눅스 시스템 프로그래밍(개정2판) : 커널과 C 라이브러리로 풀어가는(리눅스 3.x 최신 커널 기반),로버트 러브 ,,2014-12-26,9788968481482
전문가를 위한 C++(개정4판),마크 그레고리 ,,2019-08-20,9791162242087
Head First Python : 머리에 쏙쏙 들어오는 파이썬 안내서(수정판),폴 베리 ,,2016-03-28,9788968482724
"IT CookBook, 디지털 시스템 설계 및 실습 with VHDL & Verilog HDL",노승환 ,,2017-01-02,9791156642992
전문가를 위한 C++(개정3판),마크 그레고리 ,,2016-11-04,9788968484858
"리눅스 커널의 이해, 개정 3판","다니엘 보베이 , 마르코 체사티 ",,2006-09-28,8979144326
"IT CookBook, 디지털 통신 시스템 : Digital Communication Systems","정호영 , 임승각 ",,2011-01-31,9788979147988
"IT CookBook, 4차 산업혁명 시대의 정보통신개론",고응남 ,,2020-01-06,9791156644767
"jQuery 최고의 교과서 : 디자이너, 퍼블리셔, 개발자를 위한 처음 시작하는 제이쿼리",주식회사 시프트브레인 ,,2015-01-28,9788968481574
"IT CookBook, 프로그래밍 언어론 : 쉽게 배우는 언어의 원리와 구조","김종훈 , 김종진 ",,2013-07-02,9788998756437
이것이 MySQL이다,우재남 ,,2016-06-10,9788968482793
자바7 NIO.2: 파일&네트워크 프로그래밍,앵겔 레너드 ,,2012-06-28,9788979149319
"IT CookBook, ASP.NET 4.0 프로그래밍",김동아 ,,2014-02-19,9791156641025
유닉스 리눅스 명령어 사전(개정판),"우종경 , 박종오 ",,2010-11-25,9788979147933
"유닉스 리눅스 프로그래밍 필수 유틸리티(개정판) : vim make, gcc, gdb, svn, binutils, autoconf, autotools",백창우 ,,2010-08-01,9788979147599
UNIX V6로 배우는 커널의 원리와 구조 : 고전으로 익히는 운영체제,아오야기 타카히로 ,,2014-05-28,9788968480966
"IT EXPERT, 리눅스 커널 프로그래밍",한동훈 ,,2007-01-02,8979144601
"IT CookBook, VHDL을 이용한 FPGA 디지털 설계 : 실습부터 응용까지",노승환 ,,2014-01-28,9788998756833
"IT CookBook, New 정보통신개론 : 기본 이론부터 사물인터넷 개념까지",고응남 ,,2015-07-03,9791156641957
"IT CookBook, Android Studio를 활용한 안드로이드 프로그래밍(4판)","우재남 , 박길식 ",,2019-01-08,9791156644385
easy LTE : 초보 기술자를 위한 이동통신 가이드북,이상근 ,,2015-07-10,9791156641834
Head First jQuery: 자바스크립트를 몰라도 배울 수 있는 제이쿼리,"라이언 베네디티 , 로넌 크랜리 ",,2012-05-24,9788979149203
"IT CookBook, 처음 만나는 디지털 논리회로","임석구 , 홍경호 ",,2016-07-25,9791156642633
"MySQL Troubleshooting : 쿼리 문제, 원인을 알면 해결은 쉽다",스베타 스머노바(Sveta Smirnova) ,,2013-02-07,9788979149999
"자바스크립트 웹 애플리케이션 : 제이쿼리, Node.js, 웹소켓, 스파인, 백본, 자바스크립트MVC",알렉스 맥카우 ,,2012-06-18,9788979149258
"IT CookBook, 디지털 공학 : 논리회로의 설계 원리","김대정 , 모현선 ",,2013-12-02,9788998756765
뇌를 자극하는 ASP.NET 2.0 프로그래밍,이시환 ,,2006-07-06,8979144083
"IT CookBook, 컴파일러의 이해 : 내공 있는 프로그래머로 길러주는",박두순 ,,2016-01-02,9791156642411
"IT CookBook, 유닉스 시스템 프로그래밍",이종원 ,,2010-01-12,9788979147155
"IT CookBook, 확률과 랜덤 과정",정호영 ,,2018-01-15,9791156643791
jQuery Mobile(개정판),존 라이드 ,,2012-01-19,9788979149067
"IT CookBook, 최신 이동통신 입문 : Mobile Communications",Jochen H. Schiller ,,2016-01-04,9791156642084
"IT EXPERT, ASP.NET 2.0 웹 프로젝트와 실전 프로그래밍",조성진 ,,2006-07-03,8979144180
"IT CookBook, 네트워크 개론(개정판) : 쉽게 배우는 네트워크의 기본 원리",진혜진 ,,2014-01-07,9788998756734
"IT CookBook, 기초전자실험(개정판) : with PSpice",홍순관 ,,2016-06-10,9791156642589
"IT CookBook, 디지털 실험 : with PSpice",홍순관 ,,2013-12-31,9788998756772
프로그래밍 스칼라,"딘 왐플러 , 알렉스 페인 ",,2016-06-01,9788968482755
"IT CookBook, 쉽게 배우는 데이터 통신과 컴퓨터 네트워크",박기현 ,,2013-09-15,9788998756611
"IT CookBook, 기초 전기전자 에센스","모현선 , 장성용 , 홍익표 ",,2016-12-31,9791156642978
컴파일러 구조와 원리,아오키 미네로우 ,,2010-09-06,9788979147681
"IT CookBook, VHDL을 이용한 디지털 회로 입문","나미키 히데아키 , 나가이 다카미치 ",,2009-05-30,9788979146714
"IT CookBook, 리눅스 실습 for Beginner",우재남 ,,2020-01-06,9791156644705
"IT CookBook, 단계별로 따라하며 배우는 디지털 공학 실험","이승호 , 민경옥 ",,2013-08-21,9788998756499
기초 확률과 통계 : BASIC PROBABILITY & STATISTICS,박대수 ,,2013-08-21,9788998756543
"IT CookBook, 컴파일러의 이해 : 내공 있는 프로그래머로 길러주는 (증보판)",박두순 ,,2020-02-20,9791156644835
"IT CookBook, 유닉스 이론과 실습(개정판)","윤소정 , 이종원 ",,2013-07-28,9788998756512
안드로이드의 모든 것 NDK: C/C++을 이용한 안드로이드 앱 개발 방법,"고현철 , 전호철 ",,2012-09-17,9788979149593
이산수학 : tool 중심으로 이해하는 새로운 시각,박두순 ,,2019-01-31,9791156644033
"IT CookBook, New 인터넷 이해와 활용",김경신 ,,2014-01-09,9788998756703
"IT CookBook, 쉽게 배우는 데이터 통신과 컴퓨터 네트워크 (개정판)",박기현 ,,2016-12-26,9791156643043
"IT CookBook, 기초 회로이론(개정판) : 선형회로해석의 기본 원리",최윤식 ,,2014-07-22,9791156641292
만들면서 배우는 인터프리터: 컴파일러 이론으로 만드는 나만의 스크립트 언어,하야시 하루히코 ,,2012-10-12,9788979149043
누구나 쉽게 배우는 스칼라,고락윤 ,,2016-05-01,9788968488221
"IT CookBook, 원리로 이해하는 마이크로파 공학",홍익표 ,,2015-07-10,9791156641896
Head First JavaScript : 대화형 웹 애플리케이션의 시작,마이클 모리슨 ,,2008-07-01,9788979145823
"IT CookBook, 네트워크 개론(3판)",진혜진 ,,2019-07-05,9791156644521
창의융합 프로젝트 아이디어북 : Creative Convergence Capstone Design with PBL,조준동 ,,2015-06-10,9791156641858
클라이언트-서버 웹 앱 만들기: 자바와 자바스크립트로 배우는 모던 웹 앱 개발,캐지미어 새터노스 ,,2014-10-17,9788968481345
만들면서 배우는 안드로이드 게임 프로그래밍(개정판),황동윤 ,,2013-06-20,9788968480249
이공계생을 위한 확률과 통계 : Forward-Looking Probability and Statistics,안승철 ,,2014-07-10,9791156641223
"IT CookBook, 인터넷 이해와 활용 : 인터넷 기초부터 홈페이지 제작까지(개정2판)","안치현 , 김형철 ",,2014-03-12,9791156641056
"IT CookBook, 전기전자공학 개론(개정 5판)",Stan Gibilisco ,,2013-02-11,9788998756017
풀스택 개발자를 위한 MEAN 스택 입문,"애덤 브레츠 , 콜린 J. 이릭 ",,2015-08-27,9788968482182
"IT CookBook, 초보자의 첫 번째 컴퓨터와 인터넷 활용",최희식 ,,2009-11-05,9788979147001
"Blog2Book, 프로그래머가 몰랐던 멀티코어 CPU 이야기",김민장 ,,2010-05-20,9788979147407
"IT CookBook, RF 및 초고주파 공학",카이 창(Kai Chang) ,,2014-03-12,9791156641063
"IT CookBook, 회로이론 : Circuits","Fawwaz T. Ulaby , Michel M. Maharbiz ",,2014-07-22,9791156641193
IT EXPERT 윈도우 시스템 프로그램을 구현하는 기술,이호동 ,,2015-03-28,9788968481789
"하이브리드 앱을 구현하는 기술 : HTML5, 자바스크립트, 코도바(폰갭)로 만드는 안드로이드와 iOS 앱 개발","구보타 미츠노리 , 아시알 주식회사 ",,2015-02-17,9788968481680
초보자를 위한 안드로이드 스튜디오 : Hello World부터 채팅 앱과 벽돌깨기 게임까지,마츠오카 겐지 ,,2016-01-22,9788968482564
"모던 웹을 위한 Node.js 프로그래밍(개정판) : 페이스북, 월마트, 링크드인이 선택한 자바스크립트 + 노드제이에스 서버 프로그래밍",윤인성 ,,2013-09-03,9788968480430
"IT CookBook, 기초 회로이론(개정 2판)",최윤식 ,,2017-12-28,9791156643715
easy LED : 초보자를 위한 LED 가이드북,홍순관 ,,2017-01-02,9791156643005
뇌를 자극하는 윈도우즈 시스템 프로그래밍,윤성우 ,,2007-03-28,9788979144611
"MongoDB 몽고디비 완벽 가이드 : 페이스북, 트위터가 선택한 NoSQL의 진수를 만나다! (개정2판)",크리스티나 초도로우 ,,2014-04-24,9788968480959
"IT CookBook, 웹 기획 기초와 설계(개정판) : 웹 사이트, 인터페이스, 디자인",강은정 ,,2013-09-15,9788998756604
"IT CookBook, 최신 컴퓨터 구조","임석구 , 홍경호 ",,2019-08-17,9791156644569
"IT CookBook, 전기전자공학 개론(개정 6판)","Stan Gibilisco , Simon Monk ",,2017-11-30,9791156643661
"IT CookBook, C 언어로 배우는 8051 마이크로프로세서",임석구 ,,2014-07-28,9791156641278
"IT CookBook, 처음 만나는 회로이론",방성완 ,,2016-01-12,9791156642350
"IT CookBook, 디지털 논리회로 실험 : 120개의 기본 실험과 12개의 텀 프로젝트","임석구 , 홍경호 ",,2014-01-08,9788998756758
이것이 안드로이드다,박성근 ,,2014-08-25,9788968481178
리버스 엔지니어링 1권(파일 구조 편),이호동 ,,2016-09-28,9788968484872
리버스 엔지니어링 2권(디버거 편),이호동 ,,2017-03-01,9788968484810
"IT CookBook, 기초전자실험 : with PSpice",홍순관 ,,2013-03-19,9788998756123
"IT CookBook, New 데이터통신과 네트워킹 : 차세대 통신을 위한 밑그림",강문식 ,,2014-11-27,9791156641421
HBase 완벽 가이드: 하둡 환경에서 실시간 빅데이터 랜덤 엑세스를 제공하는 클라우드 NoSQL,라스 조지 ,,2013-01-26,9788979148381
유닉스 리눅스 셸 스크립트 예제 사전,오스미 유스케 ,,2015-08-27,9788968482137
누구나 쉽게 스칼라+플레이,고락윤 ,,2016-11-01,9788968484728
MongoDB 활용 가이드: 스케일링과 50가지 팁,크리스티나 초도로우 ,,2011-12-09,9788979148862
멀티 디바이스 UX 디자인 : 사물인터넷 생태계 경험을 지배하는 3가지 핵심 원리,미할 레빈 ,,2014-11-12,9788968481307
Designing Web Navigation : 사용자 경험 최적화를 위한 웹 내비게이션 설계 원칙,제임스 콜백 ,,2008-03-01,9788979145588
정유진의 웹 2.0 기획론: 강력한 웹 2.0 서비스를 만드는 13개의 키워드,정유진 ,,2006-12-15,8979144555
맛있는 디자인 프리미어 프로&애프터 이펙트 CC 2020,"김덕영 , 심수진 , 윤성우 , 이수정 ",,2020-02-05,9791162242599
"IT CookBook, 디지털 논리회로(개정3판) : 이론, 실습, 시뮬레이션","임석구 , 홍경호 ",,2015-07-07,9791156641889
"IT CookBook, 디지털 논리회로(개정판) : 이론, 실습, 시뮬레이션","임석구 , 홍경호 ",,2013-03-20,9788998756147
MATLAB으로 배우는 공학 수치해석(개정판),방성완 ,,2018-07-20,9791156643999
"IT CookBook, 마이크로컨트롤러 AVR ATmega128 : 상태도를 이용한 시스템 설계",이상설 ,,2013-07-02,9788998756376
MongoDB 완벽 가이드 : NoSQL의 진수를 만나다!,"크리스티나 초도로우 , 마이클 디롤프 ",,2011-05-19,9788979148251
만들면서 배우는 HTML5 게임 프로그래밍: PC와 스마트폰을 한 번에 잡는 멀티 플랫폼 게임 프로그래밍,황동윤 ,,2013-06-22,9788968480225
"IT CookBook, 초연결 사회의 데이터통신과 네트워킹",강문식 ,,2020-06-30,9791156644927
모던 웹을 위한 실시간 사용자 경험(UX) 프로그래밍: 웹사이트에 인터랙티브를 더하는 마술,테드 로덴 ,,2012-05-04,9788979149159
실시간 분석의 모든 것: 스트리밍 데이터 분석 및 시각화 시스템 구축 가이드,바이런 엘리스 ,,2015-12-11,9788968482298
"IT CookBook, 전자회로 : 핵심 개념부터 응용까지","강문식 , 신경욱 ",,2013-07-25,9788998756482
사물 인터넷 · 웨어러블 Ver 0.9: 새로운 IT 플랫폼을 완성하는 서비스 기획 · UX 가이드,송태민 ,,2015-03-28,9788968481635
오래가는 UX 디자인: 모바일 시대의 제품 디자인 기본 원칙,반준철 ,,2013-01-24,9788979149982
린 UX : 린과 애자일 그리고 진화하는 사용자 경험,"제프 고델프 , 조시 세이던 ",,2013-10-25,9788968480485
맛있는 디자인 애프터 이펙트 CC 2020,이수정 ,,2020-03-13,9791162242902
MATLAB으로 배우는 공학수학 : Engineering Mathematics (개정판),소상균 ,,2018-04-05,9791156643869
스크럼 성공전략 : 성공하는 애자일을 위한 30가지 지름길,일란 골드스타인(Ilan Goldstein) ,,2014-09-02,9788968481239
"이것이 레디스다 : 초고속 읽기 쓰기를 제공하는 인메모리 기반 NoSQL, Redis",정경석 ,,2013-11-28,9788968480591
MATLAB으로 배우는 선형대수학 : Linear Algebra with MATLAB,"이광연 , 설한국 ",,2015-06-10,9791156641841
제대로 배우는 MATLAB,방성완 ,,2014-10-10,9791156641346
맛있는 디자인 프리미어 프로 CC 2020,"김덕영 , 심수진 , 윤성우 ",,2020-02-28,9791162242872
맛있는 디자인 애프터 이펙트 CC 2019,이수정 ,,2019-05-23,9791162241783
린 스타트업 실전 UX: 더 빠르고 스마트하게 일하는 린 UX 실행 전략,로라 클라인 ,,2014-09-28,9788968481086
맛있는 디자인 프리미어 프로 CC 2019 & 프리미어 러시,"김덕영 , 심수진 , 윤성우 ",,2019-04-30,9791162241806
모바일 보일러플레이트 : 모바일 웹 개발 실무를 위한 어비의 노하우,송태민 ,,2013-10-20,9788968486487
Windows 시스템 실행파일의 구조와 원리,이호동 ,,2005-05-25,897914332x
"IT CookBook, 단계별로 배우는 전자회로 실험 : 기본 소자부터 응용 회로까지",이강윤 ,,2014-06-05,9791156641117
맛있는 디자인 애프터 이펙트 CS6 & CC,이수정 ,,2014-11-21,9788968481420
"IT CookBook, 핵심이 보이는 전자회로",신경욱 ,,2014-07-22,9791156641308
"IT CookBook, 공업수학 : 기본 개념부터 응용까지",이준탁 ,,2015-02-16,9791156641742
"IT CookBook, CMOS 디지털 집적회로 설계 : 기본 이론부터 실습까지",신경욱 ,,2014-05-30,9791156641100
공학 기초수학 : Basic Mathematics for Engineering,함남우 ,,2014-07-07,9791156641179
기초 공업수학,마인숙 ,,2017-02-28,9791156642985
제대로 배우는 MATLAB&Simulink,방성완 ,,2020-03-05,9791156644828
"IT CookBook, 광통신 공학 : MATLAB과 함께하는 광통신 시스템",이종형 ,,2015-02-24,9791156641759
HTML5 보일러플레이트 : 크로스 브라우징과 반응형 웹을 위한 어비의 노하우,송태민 ,,2013-06-30,9788968486395
기초 선형대수학 : BASIC LINEAR ALGEBRA,"이광연 , 설한국 , 김진수 ",,2013-11-02,9788998756642
NCS를 기반으로 한 직무 기초수학,"이광연 , 조성훈 , 최상일 ",,2018-10-05,9791156644002
맛있는 디자인 애프터 이펙트 CC 2018,이수정 ,,2018-06-30,9791162240762
"IT CookBook, MATLAB으로 배우는 공학 수치해석",방성완 ,,2014-01-24,9788998756840
MATLAB으로 배우는 공학수학 : Engineering Mathematics,소상균 ,,2014-01-28,9788998756871
맛있는 디자인 인디자인 CC,황지완 ,,2016-02-19,9788968482427
공학 핵심수학 : Core Mathematics for Engineering,함남우 ,,2015-01-01,9791156641438
맛있는 디자인 프리미어 프로 CC 2018,"윤성우 , 김덕영 ",,2018-05-15,9791162240717
"IT CookBook, 디지털 집적회로 해석 및 설계","데이비드 하지즈 , 호레스 잭슨 , 레스베 살레 ",,2010-08-20,9788979147513
기초 미분적분학(개정판) : Pre Calculus,함남우 ,,2017-07-07,9791156643210
맛있는 디자인 드림위버 CC,"임화연 , 이해령 ",,2015-07-28,9788968482120
기초수학 : Basic Mathematics,"이재원 , 박성욱 ",,2014-03-21,9791156641087
최신 공학수학 with Sage Ⅰ,"이상구 , 김영록 , 박준현 , 김응기 , 이재화 ",,2016-01-12,9791156642091
공학 핵심수학(2판)  : 기초부터 심화까지 핵심만 쏙쏙,함남우 ,,2020-07-06,9791156644996
수식이 보이는 공학수학 : Engineering Mathematics,장윤석 ,,2013-03-07,9788998756062
맛있는 디자인 일러스트레이터 CC,빨간고래(박정아) ,,2014-10-16,9788968481284
"IT CookBook, 아날로그 CMOS 집적회로 설계 : Design of Analog CMOS Integrated Circuits",버자드 라자비(Behzad Razavi) ,,2009-05-15,9788979146721
린 고객 개발 : 고객의 지갑을 여는 제품 만들기,신디 앨버레즈 ,,2015-04-27,9788968481864
맛있는 디자인 포토샵 CC,"윤이사라(포완카) , 박효근 ",,2015-07-28,9788968482083
맛있는 디자인 포토샵&인디자인 CC 2018,"박효근 , 윤이사라(포완카) , 황지완 ",,2018-08-03,9791162240915
편집 디자인 강의 with 인디자인(10년차 디자이너에게 1:1로 배우는) (개정판),황지완 ,,2019-10-07,9791162242216
맛있는 디자인 프리미어 프로 CS6 & CC,"윤성우 , 김덕영 ",,2015-09-11,9788968482090
전공이 보이는 미분적분학: FOR ELECTRICAL & ELECTRONIC ENGINEERS,장윤석 ,,2015-05-30,9791156641827
기초 미분적분학 : Pre Calculus,함남우 ,,2014-01-28,9788998756819
린 마인드셋 : 린 스타트업을 위한 경영 철학,"메리 포펜딕 , 톰 포펜딕 ",,2014-04-02,9788968480928
린 분석 : 성공을 예측하는 31가지 사례와 13가지 패턴,"앨리스테어 크롤 , 벤저민 요스코비츠 ",,2014-01-02,9788968480690
생생한 사례로 배우는 확률과 통계,이재원 ,,2016-07-15,9791156642619
미적분학,"Carol Ash , Robert B. Ash ",,2016-01-21,9791156642343
맛있는 디자인 드림위버 CS6,임화연 ,,2012-10-18,9788979149654
맛있는 디자인 포토샵 CS6,"임화연 , 이세련 , 이해령 ",,2013-02-28,9788968480010
수식이 보이는 공학수학 : Engineering Mathematics (개정판),장윤석 ,,2018-06-20,9791156644026
이자론 중심으로 배우는 금융수학 : 보험계리사 시험 대비,이재원 ,,2014-10-10,9791156641315
확률과 통계 입문 : Basic Probability & Statistics,이재원 ,,2017-07-10,9791156643227
맛있는 디자인 포토샵 CC 2018,"윤이사라(포완카) , 박효근 ",,2018-02-05,9791162240465
기초수학 : Basic Mathematics(2판),이재원 ,,2020-01-10,9791156644811
실전 쇼핑몰 포토샵 북 : 상품 사진 보정부터 상세 페이지 제작까지 쇼핑몰 디자인의 모든 것,임화연 ,,2014-05-22,9788968480997
쇼핑몰 디자인 제작 북,"임화연 , 이해령 ",,2017-12-05,9791162240311
10년차 디자이너에게 1:1로 배우는 편집 디자인 강의+인디자인,황지완 ,,2014-04-28,9788968480935
최신 공학수학 with Sage Ⅱ,"이상구 , 김영록 , 박준현 , 김응기 , 이재화 ",,2016-01-12,9791156642107
쇼핑몰 디자인&제작북 with 포토샵+플래시+드림위버,임화연 ,,2011-03-21,9788979148213
맛있는 디자인 포토샵 & 드림위버 CC,"임화연 , 이해령 ",,2016-08-10,9788968484964
대학수학 Plus : University Mathematics,이재원 ,,2013-10-14,9788998756635
"IT CookBook, 핵심이 보이는 전자회로 with PSPICE(개정판)",신경욱 ,,2018-04-30,9791156643883
"IT CookBook, Play 포토샵",원다예 ,,2015-04-27,9791156641803
"IT CookBook, enjoy design 포토샵 CS6",이영주 ,,2013-07-28,9788998756352
내 일상을 꾸며주는 포토샵 CS6&CC,우보명(야우) ,,2013-12-26,9788968480744
불황을 이기는 색다른 쇼핑몰 COLOR & LAYOUT,"김정인 , 박혜진 , 라임기획 ",,2009-01-28,9788979146059
린 스타트업: 실리콘밸리를 뒤흔든 IT 창업 가이드,애시 모리아 ,,2012-11-17,9788979149692
공학도라면 반드시 알아야 할 최소한의 수학,John Bird ,,2017-09-30,9791156643333
포토샵 디자인 스타일북 : 6 TYPES 20 STYLES,김혜경 ,,2013-05-28,9788968480218
10년차 디자이너에게 1:1로 배우는 포토샵 디자인 강의,정다영 ,,2015-01-28,9788968481666
맛있는 디자인 포토샵 CC 2019,"윤이사라 , 김신애 ",,2019-03-29,9791162241677
맛있는 디자인 인디자인 CS6,황지완 ,,2012-11-28,9788979149814
엔지니어를 위한 데이터 시각화 :  D3.js로 배우는 데이터 시각화 이론과 12가지 사례,"모리후지 다이치 , 안티베이지안 ",,2015-04-27,9788968481918
"IT CookBook, 핵심이 보이는 전자회로 실험 with PSPICE",신경욱 ,,2017-11-30,9791156643654
"IT CookBook, design school 포토샵 CC 2019",이영주 ,,2019-04-19,9791156644453
데이터 시각화를 위한 데이터 인사이트 : 빅데이터를 바라보는 통찰의 눈,헌터 휘트니 ,,2014-04-18,9788968480942
마담의크스와 함께 하는 손글씨&동꼬 by 포토샵,"마담의크스 카페 , 네모기획 ",,2006-07-12,8979144261
"나에게, 포토샵: 생활 디자이너 7명이 들려주는 일상, 작업, 포토샵 이야기","김효정 , 김진숙 , 이지남 , 조영주 , 신동욱 , 최재연 , 조선진 ",,2013-03-25,9788968480096
뽀얀의 감성 일러스트레이션 : 포토샵과 일러스트레이터를 이용한 손 느낌 나는 일러스트 기법,뽀얀(김은혜) ,,2012-10-28,9788979149661
맛있는 디자인 포토샵 & 일러스트레이터 CC,"박정아 , 박효근 , 윤이사라(포완카) ",,2016-05-16,9788968482762
디자인 문구 실무 제작&디자인(7년차 디자이너 야우가 알려주는),우보명(야우) ,,2011-07-14,9788979148060
문과생도 이해하는 전기전자수학,야마시타 아키라 ,,2017-07-14,9791156643289
이것이 편집디자인이다: 편집디자이너가 알아야 할 모든 것,김덕희(CDM The Big) ,,2012-06-18,9788979149340
"IT CookBook, design school 포토샵 & 일러스트레이터 CC 2019",이영주 ,,2019-06-06,9791156644477
디자인 굿즈 만들기 with 포토샵&일러스트레이터,김신애 ,,2016-11-01,9788968484766
"IT CookBook, design school 일러스트레이터 CC",이영주 ,,2018-11-30,9791156643920
10년차 디자이너에게 1:1로 배우는 일러스트레이터 디자인 강의,장보경(앤하우스) ,,2014-01-08,9788968480768
비즈니스를 위한 데이터 과학 : 빅데이터를 바라보는 데이터 마이닝과 분석적 사고,"포스터 프로보스트 , 톰 포셋 ",,2014-06-24,9788968481093
뽀얀의 일러스트 하우스 by 포토샵,김은혜 ,,2007-12-11,9788979145205
쇼핑몰 창업+운영+제작 북(인터넷 쇼핑몰 대표 강사와 함께하는),"정희전 , 착한사진연구소(남상욱 ",,2012-05-24,9788979149173
스콧 켈비의 사진가를 위한 포토샵 CS6,스콧 켈비(Scott Kelby) ,,2013-07-09,9788968480324
Head First Data Analysis : 당신을 최고의 데이터 분석가로 이끌어줄 마법 같은 학습서,마이클 밀튼 ,,2013-04-11,9788968480119
뽀얀의 포토샵 일러스트 하우스 II 미술사 거장을 만나다,뽀얀(김은혜) ,,2010-04-23,9788979147360
"잰양, 티백, 앤하우스의 디자인문구 다락방","류재은 , 김신애 , 장보경 ",,2010-08-26,9788979147643
"IT CookBook, UI/UX 디자인 이론과 실습 with Adobe XD",이영주 ,,2020-01-06,9791156644651
비즈니스 활용 사례로 배우는 데이터 분석:R,"사카마키 류지 , 사토 요헤이 ",,2015-10-28,9788968482113
맛있는 디자인 포토샵 CC 2020,"윤이사라(포완카) , 김신애 ",,2020-03-06,9791162242865
회사에서 바로 통하는 포토샵 CS4,원다예 ,,2009-04-09,9788979146660
"IT CookBook, UI 디자인과 프로토타이핑을 위한 Adobe XD",이영주 ,,2020-01-06,9791156644750
아이벤의 블링블링 포토샵,"김현태 , 아이벤 포토샵 카페 ",,2009-09-28,9788979146929
"IT CookBook, 웹 디자인 이론과 실습",강은정 ,,2017-06-05,9791156643258
일러스트레이터 트레이닝 북: Illustrator Training Book,박혜진 삐딱대가리 ,,2009-01-28,9788979146240
"데이터과학 입문: 구글, MS, 이베이 데이터과학자에게 배우다","레이철 슈트 , 캐시 오닐 ",,2014-10-28,9788968481352
"IT CookBook, 모바일 & 데스크톱을 위한 웹 기획 프로세스",강은정 ,,2018-11-25,9791156644323
R로 배우는 데이터 분석 기본기 데이터 시각화 : 예제와 함수 중심으로 배우는 빅데이터 분석,후나오 노부오 ,,2014-01-02,9788968480645
"IT CookBook, enjoy design 일러스트레이터 CS6","김경진 , 김부치 ",,2014-01-03,9788998756727
실전 하둡 운용 가이드 : 대규모 하둡 클러스터 관리를 위한 필수 노하우,에릭 새머 ,,2013-07-24,9788968480300
데이터 분석을 통한 네트워크 보안 : IoT 시대에 맞는 상황 인식형 보안 구축하기,마이클 콜린스 ,,2016-03-28,9788968482588
스콧 켈비의 라이트룸 CC 킬러 팁 북,스콧 켈비(Scott Kelby) ,,2016-05-31,9788968482854
맵리듀스 디자인 패턴 : 하둡과 빅데이터에 효과적인 6가지 방법론과 26가지 실용 패턴,"도널드 마이너 , 아담 슈크 ",,2013-07-24,9788968480348
회사에서 바로 통하는 엑셀 실무 데이터 분석,최준선 ,,2012-11-20,9788979149807
포토샵 CS 디자인 스쿨(증보판),이문형 ,,2008-02-25,9788979145045
머하웃 완벽 가이드(Mahout in Action): 하둡에 딱 맞는 빅데이터를 활용한 기계학습,"션 오웬 , 로빈 애닐 , 테드더닝 , 엘렌 프리드만 ",,2012-10-23,9788979149609
좋은 사진을 만드는 김주원의 포토샵 사진 강의,김주원 ,,2012-05-14,9788979149265
공학도라면 반드시 알아야 할 최소한의 과학,John Bird ,,2018-12-21,9791156644040
파이썬을 활용한 베이지안 통계: 동전 던지기와 하키 승률로 배우는 데이터 분석,앨런 B. 다우니 ,,2014-07-14,9788968481147
호기심디테일의 포토샵 CS5,귀동걸(박귀염) ,,2012-01-05,9788979148893
Thinking About : PPL을 이용한 VC++ 병렬 프로그래밍(2판),김경진 ,,2014-03-17,9788968486548
하둡 완벽 가이드 : 클라우드 컴퓨팅 구축을 위한 실전 안내서(개정3판),톰 화이트 ,,2013-06-22,9788968480201
회사에서 바로 통하는 일러스트레이터 CS5,박혜진(삐딱대가리) ,,2011-04-28,9788979148244
좋은 사진을 만드는 김주원의 미러리스 & DSLR 사진강의,김주원 ,,2015-11-12,9788968482267
"IT CookBook, 우분투 리눅스(개정판)",이종원 ,,2018-02-20,9791156643821
하이브 완벽 가이드: 하둡을 이용한 SQL 기반 빅데이터 분석 도구,"에드워드 카프리올로 , 딘 웜플러 , 제이슨 러더글렌 ",,2013-03-28,9788968480072
이것이 리눅스다,우재남 ,,2015-06-25,9788968481963
좋은 사진을 만드는 김주원의 풍경사진,김주원 ,,2015-03-28,9788968481833
케스케이딩 완벽 가이드 : 빅데이터 분석을 위한 하둡 워크플로우 관리 도구,파코 네이선 ,,2014-01-17,9788968480775
맛있는 디자인 일러스트레이터 CS6,우보명 ,,2012-12-12,9788979149890
만들면서 배우는 기계 학습: 생각을 만드는 빅데이터 기술,오다카 토모히로 ,,2012-06-18,9788979149234
Head First Statistics: 실생활 예제로 배우는 정말 쉬운 통계 이야기,돈 그리피스 ,,2012-04-26,9788979147278
28일 동안 배우는 리눅스 서버 관리,카사노 히데마츠 ,,2014-09-28,9788968481215
맛있는 디자인 라이트룸 CC,김주원 ,,2019-08-01,9791162242056
"SWedu 011, 앱 인벤터(2판) : 쉽고 재미있게 만드는 앱 프로그래밍",이종원 ,,2020-02-21,9791156644873
Think Stats : 프로그래머를 위한 통계 및 데이터 분석 방법,앨런 B. 다우니 ,,2013-09-03,9788968486340
"IT CookBook, 유닉스 이론과 실습(3판)","이종원 , 윤소정 ",,2019-11-13,9791156644637
좋은 사진을 만드는 김주원의 DSLR 사진 입문  : 누구에게도 묻지 못했던 사진에 관한 87가지 질문,김주원 ,,2013-06-11,9788968480232
자바로 배우는 핵심 자료구조와 알고리즘,앨런 B. 다우니 ,,2018-06-01,9791162240847
"IT CookBook, 코틀린을 활용한 안드로이드 프로그래밍","우재남 , 유혜림 ",,2020-06-19,9791156644965
실전으로 배우는 발명·특허,윤상원 ,,2014-06-30,9791156641162
"IT CookBook, CentOS 리눅스",이종원 ,,2020-05-30,9791156644897
"창의와 혁신의 시크릿, 트리즈 : Training How To Think Inventively",김은경 ,,2015-07-10,9791156641902
Head First C : 내공 있는 C 프로그래머로 이끌어주는 착한 안내서,"데이빗 그리피스 , 돈 그리피스 ",,2012-11-08,9788979149760
Head First Android Development : 개념과 구조를 머릿속에 그려주는 안드로이드 개발 입문서(개정판),"돈 그리피스 , 데이비드 그리피스 ",,2018-07-15,9791162240953
애자일 개발과 스크럼 : 더 나은 자신과 팀을 위한 소프트웨어 개발 방법,"노나카 이쿠지로 , 히라나베 겐지 ",,2014-07-28,9788968481109
맥 쓰는 사람들의 macOS 모하비,고래돌이 ,,2018-10-10,9791162241219
창의적 공학설계(3판),김은경 ,,2020-07-10,9791156644934
"IT CookBook, 페도라 리눅스(개정판)",이종원 ,,2017-11-10,9791156641599
"IT CookBook, PHP 프로그래밍 입문(3판)",황재호 ,,2019-05-20,9791156644446
"IT CookBook, 자바 프로그래밍 바이블","오경주 , 염기호 , 정용훈 ",,2016-08-12,9791156642732
맥 사용자를 위한 엑셀+파워포인트+워드 2016 : Office for Mac,장경호 ,,2016-02-26,9788968482595
"자바 프로그래밍 면접, 이렇게 준비한다",노엘 마크엄 ,,2015-01-23,9788968481529
하둡 완벽 가이드(4판),톰 화이트 ,,2017-03-01,9788968484599
맥 쓰는 사람들과 함께하는 Mac OS X 바이블,고래돌이(김상우) ,,2015-01-27,9788968481628
맥 쓰는 사람들과 함께하는 macOS 하이 시에라,고래돌이 ,,2017-11-10,9791162240236
"SWedu, 앱 인벤터",이종원 ,,2018-06-04,9791156643968
도와주세요! 맥북이 생겼어요 : Mac OS X Yosemite 요세미티,김경범 ,,2014-11-28,9788968481338
맥 쓰는 사람들의 macOS 모하비,고래돌이 ,,2018-10-10,9791162241219
맥 쓰는 사람들과 함께하는 macOS 하이 시에라,고래돌이 ,,2017-11-10,9791162240236
맥 쓰는 사람들과 함께하는 macOS 시에라,고래돌이 ,,2017-02-15,9788968484582
이것이 C#이다,박상현 ,,2018-07-01,9791162240861
키노트 6.x 프레젠테이션 : 키노트 사용자를 위한 기본+활용법,윤춘근 ,,2014-06-20,9788968481123
"뇌를 자극하는 RedHat Fedora 리눅스 서버 & 네트워크, 3판",우재남 ,,2014-09-02,9788968481208
러닝 PHP,데이비드 스클라 ,,2017-04-01,9788968483486
뇌를 자극하는 파이썬 3,박상현 ,,2016-02-05,9788968482359
키노트 프레젠테이션(키노트 사용자를 위한 기본+활용법),윤춘근 ,,2011-11-21,9788979148787
"프로그래밍 면접, 이렇게 준비한다(3판)","존 몽건 , 에릭 기게리 , 노아 수요야넨 킨들러 ",,2014-02-28,9788968480843
클라우드 시스템을 관리하는 기술,"토머스 리몬첼리 , 스트래터 체일럽 , 크리스티나 호건 ",,2016-02-25,9788968482618
뇌를 자극하는 C 프로그래밍,서현우 ,,2005-10-01,8979143443
웹 엔지니어가 알아야 할 인프라의 기본,바바 토시아키 ,,2015-06-28,9788968482014
모던 웹을 위한 Node.js 프로그래밍 3판,윤인성 ,,2016-07-01,9788968482946
이것이 C 언어다,서현우 ,,2014-05-20,9788968481024
앱 인벤터 2 : 구글과 MIT 앱 인벤터 개발팀이 안내하는 안드로이드 프로그래밍,"David Wolber , Hal Abelson , Ellen Spertus , Liz Looney ",,2015-07-20,9791156641865
회사에서 바로 통하는 엑셀+파워포인트+워드 2013(개정판),"전미진 , 이화진 , 신면철 ",,2014-10-28,9788968481369
공학과 경영,김상균 ,,2016-07-07,9791156642626
혼자 공부하는 파이썬,윤인성 ,,2019-06-10,9791162241882
"IT CookBook, HTML5 웹 프로그래밍 입문(3판)",윤인성 ,,2019-07-20,9791156644552
사전처럼 바로 찾아 쓰는 알고리즘,"조지 T. 하인만 , 게리 폴리케 , 스탠리 셀코 ",,2010-03-08,9788979147292
"IT CookBook, 초보자의 첫 번째 워드 2007",최희식 ,,2009-11-05,9788979146998
모던 웹을 위한 HTML5+CSS3 바이블(3판),윤인성 ,,2019-05-01,9791162241585
함수형 자바스크립트 : 새롭고 올바른 자바스크립트 프로그래밍 기법,마이클 포거스 ,,2014-01-28,9788968480799
창의적 공학설계(개정판),김은경 ,,2016-01-08,9791156642381
회사에서 바로 통하는 파워포인트 2010,"이상훈 , 김연희 ",,2011-05-03,9788979148015
PHP & MySQL 닌자 비법서,"톰 버틀러 Tom Butler , 케빈 양크 Kevin Yank ",,2019-02-01,9791162241455
Head First C# : 상상을 초월하는 객체지향 C# 학습법(개정3판),"앤드류 스텔만 , 제니퍼 그린 ",,2015-02-27,9788968481659
"프로그래밍 면접, 이렇게 준비한다(4판)","존 몽건 , 노아 킨들러 , 에릭 기게리 ",,2019-07-04,9791162241998
"IT CookBook, Eclipse를 활용한 안드로이드 프로그래밍","우재남 , 이복기 ",,2015-01-28,9791156641711
설계 프로세스로 배우는 창의적 공학설계,노승환 ,,2014-06-27,9791156641094
혼자 공부하는 C 언어,서현우 ,,2019-06-10,9791162241868
"IT CookBook, 초보자의 첫 번째 액세스 2007",최희식 ,,2009-11-05,9788979146967
"IT CookBook, Android Studio를 활용한 안드로이드 프로그래밍(증보판)","우재남 , 박길식 ",,2016-01-03,9791156642480
"창의와 혁신의 시크릿, 트리즈 : Training How To Think Inventively",김은경 ,,2015-07-10,9791156641902
실전으로 배우는 발명·특허,윤상원 ,,2014-06-30,9791156641162
"IT CookBook, HTML5 웹 프로그래밍 입문(개정판)",윤인성 ,,2016-12-26,9791156643074
회사에서 바로 통하는 엑셀&파워포인트 2013,"이희정 , 전미진 ",,2014-11-25,9788968481406
창의융합 프로젝트 아이디어북 : Creative Convergence Capstone Design with PBL,조준동 ,,2015-06-10,9791156641858
회사에서 바로 통하는 엑셀+파워포인트+워드 2013 & 한글 2014,"전미진 , 이화진 , 신면철 ",,2015-05-19,9788968481949
"IT CookBook, 컴퓨터 활용과 실습 2016",김주영 ,,2019-07-15,9791156644507
"IT CookBook, 디지털 시스템 설계 및 실습 with VHDL & Verilog HDL",노승환 ,,2017-01-02,9791156642992
RT:FM 두 번째 이야기: 프로그래머로 사는 법,"윤인성 , 김현수 , 유영창 , 이고잉 , 명승은 , 이철혁 ",,2013-07-25,9788968486425
"IT CookBook, 초보자의 첫 번째 파워포인트 2010",최희식 ,,2013-07-28,9788998756536
회사에서 바로 통하는 엑셀+파워포인트+워드 2013 & 한글 2014 & 윈도우 10,"전미진 , 이화진 , 신면철 , 박광수(아크몬드) ",,2016-03-28,9788968482731
"IT CookBook, 한글 2014 for Beginner",양숙희 ,,2014-12-04,9791156641414
"한 권으로 끝내는 Node & Express(Node 4, Express 4 테스트 완료)",이선 브라운 ,,2015-10-24,9788968482229
"IT CookBook, 처음 만나는 디지털 논리회로","임석구 , 홍경호 ",,2016-07-25,9791156642633
"IT CookBook, VHDL을 이용한 FPGA 디지털 설계 : 실습부터 응용까지",노승환 ,,2014-01-28,9788998756833
회사에서 바로 통하는 액세스 2007,김재훈 ,,2008-01-28,9788979145359
회사에서 바로 통하는 액세스 2010,김재훈 ,,2011-01-05,9788979147841
"IT CookBook, 디지털 공학 : 논리회로의 설계 원리","김대정 , 모현선 ",,2013-12-02,9788998756765
"IT CookBook, VHDL을 이용한 디지털 회로 입문","나미키 히데아키 , 나가이 다카미치 ",,2009-05-30,9788979146714
"IT CookBook, 엑셀과 파워포인트 2007 실무와 활용","한은숙 , 고경희 ",,2013-03-12,9788998756093
"IT CookBook, 액세스 2007 for Beginner",박명철 ,,2008-12-28,9788979146097
데이터베이스 첫걸음,"미크 , 기무라 메이지 ",,2016-10-10,9788968487316
"IT CookBook, 초보자의 첫 번째 파워포인트 2007",고경희 ,,2009-11-05,9788979147025
"IT CookBook, 파워포인트 2007 실무와 활용",고경희 ,,2014-02-17,9788998756901
세상에서 제일 친절한 엑셀 매크로&VBA,박재영 ,,2020-01-06,9791162242537
회사에서 바로 통하는 엑셀+파워포인트 2016&한글 NEO,"전미진 , 이화진 , 신면철 ",,2017-07-12,9788968483363
회사에서 바로 통하는 파워포인트 2007(개정판),이희정 ,,2009-10-14,9788979146905
"IT CookBook, 파워포인트 2010 실무와 활용",고경희 ,,2014-02-24,9788998756949
회사에서 바로 통하는 엑셀+파워포인트 2016&한글 NEO&윈도우 10,"전미진 , 이화진 , 신면철 , 박광수(아크몬드) ",,2018-01-02,9791162240250
"IT CookBook, 엑셀과 파워포인트 2010 실무와 활용","전미진 , 고경희 ",,2014-02-24,9788998756789
회사에서 바로 통하는 파워포인트 2007(개정판),이희정 ,,2009-10-14,9788979146905
"IT CookBook, 파워포인트 2007 실무와 활용",고경희 ,,2014-02-17,9788998756901
"IT CookBook, 자바스크립트 프로그래밍 입문",윤인성 ,,2016-12-15,9791156642787
"IT CookBook, 디지털 실험 : with PSpice",홍순관 ,,2013-12-31,9788998756772
"IT CookBook, 기초전자실험(개정판) : with PSpice",홍순관 ,,2016-06-10,9791156642589
"IT CookBook, 파워포인트 2010 실무와 활용",고경희 ,,2014-02-24,9788998756949
"IT CookBook, 디지털 논리회로 실험 : 120개의 기본 실험과 12개의 텀 프로젝트","임석구 , 홍경호 ",,2014-01-08,9788998756758
"IT CookBook, C 언어로 배우는 8051 마이크로프로세서",임석구 ,,2014-07-28,9791156641278
"IT CookBook, 단계별로 따라하며 배우는 디지털 공학 실험","이승호 , 민경옥 ",,2013-08-21,9788998756499
"IT CookBook, 엑셀과 파워포인트 2010 실무와 활용","전미진 , 고경희 ",,2014-02-24,9788998756789
"IT CookBook, 최신 컴퓨터 구조","임석구 , 홍경호 ",,2019-08-17,9791156644569
"IT CookBook, 기초 전기전자 에센스","모현선 , 장성용 , 홍익표 ",,2016-12-31,9791156642978
"IT CookBook, 디지털 논리회로(개정3판) : 이론, 실습, 시뮬레이션","임석구 , 홍경호 ",,2015-07-07,9791156641889
엑셀 함수&수식 바이블: 회사에서 필요한 함수&수식은 모두 있다!,최준선 ,,2015-04-28,9788968481826
이것이 SQL Server다,우재남 ,,2016-06-28,9788968482922
Make: Technology on Your Time Volume 05,오라일리 미디어 (메이크 편집부) ,,2013-03-07,9788979149753
Make: Technology on Your Time Volume 05,오라일리 미디어 (메이크 편집부) ,,2013-03-07,9788979149753
골빈해커의 3분 딥러닝,김진중(골빈해커) ,,2017-09-25,9791162240137
Make : Technology on Your Time Volume 06,메이커 미디어 ,,2013-05-21,9788968480188
"IT CookBook, 마이크로컨트롤러 AVR ATmega128 : 상태도를 이용한 시스템 설계",이상설 ,,2013-07-02,9788998756376
엑셀 매크로&VBA 바이블: 회사에서 필요한 코드는 모두 있다!,최준선 ,,2012-06-28,9788979149357
파이썬 라이브러리를 활용한 머신러닝,"안드레아스 뮐러 , 세라 가이도 ",,2017-07-01,9788968483394
파이썬 라이브러리를 활용한 데이터 분석(수정보완판),웨스 맥키니(Wes Mckinney) ,,2013-10-26,9788968480478
"IT CookBook, 디지털 논리회로(개정판) : 이론, 실습, 시뮬레이션","임석구 , 홍경호 ",,2013-03-20,9788998756147
실전 자바 소프트웨어 개발,"라울-게이브리얼 우르마 , 리처드 워버턴 ",,2020-06-20,9791162243176
Make: Technology on Your Time Volume 08,메이크 미디어 (Make Media) ,,2015-06-28,9788968480836
"IT CookBook, 전기전자공학 개론(개정 5판)",Stan Gibilisco ,,2013-02-11,9788998756017
"IT CookBook, 원리로 이해하는 마이크로파 공학",홍익표 ,,2015-07-10,9791156641896
9가지 사례로 익히는 고급 스파크 분석,"샌디 라이자 , 유리 레이저슨 , 션 오언 , 조시 윌스 ",,2016-07-01,9788968482892
파이썬 라이브러리를 활용한 데이터 분석(수정보완판),웨스 맥키니(Wes Mckinney) ,,2013-10-26,9788968480478
9가지 사례로 익히는 고급 스파크 분석,"샌디 라이자 , 유리 레이저슨 , 션 오언 , 조시 윌스 ",,2016-07-01,9788968482892
"IT CookBook, 회로이론 : Circuits","Fawwaz T. Ulaby , Michel M. Maharbiz ",,2014-07-22,9791156641193
Make : Technology on Your Time Volume 07,메이커 미디어 ,,2013-12-28,9788968480669
"IT CookBook, SQL Server로 배우는 데이터베이스 개론과 실습","박우창 , 남송휘 ",,2013-07-01,9788998756246
easy LED : 초보자를 위한 LED 가이드북,홍순관 ,,2017-01-02,9791156643005
"IT CookBook, 처음 만나는 회로이론",방성완 ,,2016-01-12,9791156642350
헬로 데이터 과학 : 삶과 업무를 바꾸는 생활 데이터 활용법,김진영 ,,2016-02-23,9788968482656
"IT CookBook, 기초 회로이론(개정판) : 선형회로해석의 기본 원리",최윤식 ,,2014-07-22,9791156641292
"뇌를 자극하는 SQL Server 2012 (1권, 기본편)",우재남 ,,2013-02-13,9788979149920
Head First Data Analysis : 당신을 최고의 데이터 분석가로 이끌어줄 마법 같은 학습서,마이클 밀튼 ,,2013-04-11,9788968480119
R로 배우는 데이터 분석 기본기 데이터 시각화 : 예제와 함수 중심으로 배우는 빅데이터 분석,후나오 노부오 ,,2014-01-02,9788968480645
핸즈온 머신러닝,오렐리앙 제롱(Aurélien Géron) ,,2018-04-27,9791162240731
파이썬을 활용한 베이지안 통계: 동전 던지기와 하키 승률로 배우는 데이터 분석,앨런 B. 다우니 ,,2014-07-14,9788968481147
"IT CookBook, 리눅스 실습 for Beginner",우재남 ,,2020-01-06,9791156644705
"뇌를 자극하는 SQL Server 2012 (2권, 관리/응용편)",우재남 ,,2014-04-28,9788968480782
비즈니스 활용 사례로 배우는 데이터 분석:R,"사카마키 류지 , 사토 요헤이 ",,2015-10-28,9788968482113
"IT CookBook, Android Studio를 활용한 안드로이드 프로그래밍(5판)","우재남 , 박길식 ",,2020-01-08,9791156644804
미술관에 GAN 딥러닝 실전 프로젝트,데이비드 포스터 ,,2019-11-15,9791162241080
파이썬 라이브러리를 활용한 데이터 분석(2판),웨스 맥키니 ,,2019-05-20,9791162241905
"IT CookBook, 전기전자공학 개론(개정 6판)","Stan Gibilisco , Simon Monk ",,2017-11-30,9791156643661
실시간 분석의 모든 것: 스트리밍 데이터 분석 및 시각화 시스템 구축 가이드,바이런 엘리스 ,,2015-12-11,9788968482298
일상 무기 제작법 2 : 생활용품으로 첩보 무기 만들기,존 오스틴 ,,2015-12-01,9788968482328
이것이 리눅스다 (개정판) with RedHat CentOS 8,우재남 ,,2020-04-10,9791162242605
일상 무기 제작법 3 : 생활용품으로 중세의 공성 무기 만들기,존 오스틴 ,,2016-02-19,9788968482472
파이썬 라이브러리를 활용한 머신러닝(번역개정판) : 사이킷런 핵심 개발자가 쓴 머신러닝과 데이터 과학 실무서,"안드레아스 뮐러 , 세라 가이도 ",,2019-03-29,9791162241646
MATLAB으로 배우는 공학 수치해석(개정판),방성완 ,,2018-07-20,9791156643999
이것이 MySQL이다,우재남 ,,2016-06-10,9788968482793
파이썬을 활용한 금융 분석,이브 힐피시 ,,2016-05-18,9788968482779
이공계생을 위한 확률과 통계 : Forward-Looking Probability and Statistics,안승철 ,,2014-07-10,9791156641223
"IT CookBook, Android Studio를 활용한 안드로이드 프로그래밍(4판)","우재남 , 박길식 ",,2019-01-08,9791156644385
"IT CookBook, 데이터베이스 개론",김연희 ,,2013-07-03,9788998756253
"IT CookBook, 기초 회로이론(개정 2판)",최윤식 ,,2017-12-28,9791156643715
회사에서 바로 통하는 엑셀 실무 데이터 분석,최준선 ,,2012-11-20,9788979149807
Head First Statistics: 실생활 예제로 배우는 정말 쉬운 통계 이야기,돈 그리피스 ,,2012-04-26,9788979147278
Think Stats : 프로그래머를 위한 통계 및 데이터 분석 방법,앨런 B. 다우니 ,,2013-09-03,9788968486340
기초 확률과 통계 : BASIC PROBABILITY & STATISTICS,박대수 ,,2013-08-21,9788998756543
"IT CookBook , MySQL로 배우는 데이터베이스 개론과 실습","박우창 , 남송휘 , 이현룡 ",,2019-08-15,9791156644576
자바로 배우는 핵심 자료구조와 알고리즘,앨런 B. 다우니 ,,2018-06-01,9791162240847
HBase 완벽 가이드: 하둡 환경에서 실시간 빅데이터 랜덤 엑세스를 제공하는 클라우드 NoSQL,라스 조지 ,,2013-01-26,9788979148381
실전 하둡 운용 가이드 : 대규모 하둡 클러스터 관리를 위한 필수 노하우,에릭 새머 ,,2013-07-24,9788968480300
MATLAB으로 배우는 공학수학 : Engineering Mathematics (개정판),소상균 ,,2018-04-05,9791156643869
이것이 리눅스다,우재남 ,,2015-06-25,9788968481963
제대로 배우는 MATLAB,방성완 ,,2014-10-10,9791156641346
"IT CookBook, 오라클로 배우는 데이터베이스 개론과 실습","박우창 , 남송휘 , 이현룡 ",,2014-06-19,9791156641186
처음 배우는 딥러닝 수학,"와쿠이 요시유키 , 와쿠이 사다미 ",,2018-02-01,9791162240441
하둡 완벽 가이드 : 클라우드 컴퓨팅 구축을 위한 실전 안내서(개정3판),톰 화이트 ,,2013-06-22,9788968480201
"IT CookBook, 오라클로 배우는 데이터베이스 개론과 실습(2판)","박우창 , 남송휘 , 이현룡 ",,2020-07-30,9791156645023
MATLAB으로 배우는 선형대수학 : Linear Algebra with MATLAB,"이광연 , 설한국 ",,2015-06-10,9791156641841
Head First PHP & MySQL: 효과적이고 생동감 넘치는 웹 애플리케이션 만들기,"린 베일리 , 마이클 모리슨 공저 ",,2010-05-07,9788979147391
엔지니어를 위한 데이터 시각화 :  D3.js로 배우는 데이터 시각화 이론과 12가지 사례,"모리후지 다이치 , 안티베이지안 ",,2015-04-27,9788968481918
데이터 시각화를 위한 데이터 인사이트 : 빅데이터를 바라보는 통찰의 눈,헌터 휘트니 ,,2014-04-18,9788968480942
"IT CookBook, 데이터베이스 관리와 실습(개정판) : MS SQL Server 2008",손광수 ,,2013-07-02,9788998756468
Head First C : 내공 있는 C 프로그래머로 이끌어주는 착한 안내서,"데이빗 그리피스 , 돈 그리피스 ",,2012-11-08,9788979149760
비즈니스를 위한 데이터 과학 : 빅데이터를 바라보는 데이터 마이닝과 분석적 사고,"포스터 프로보스트 , 톰 포셋 ",,2014-06-24,9788968481093
Head First Programming : 파이썬으로 처음 배우는 프로그래밍,"폴 배리 , 데이빗 그리피스 ",,2011-03-17,9788979148190
"MySQL Troubleshooting : 쿼리 문제, 원인을 알면 해결은 쉽다",스베타 스머노바(Sveta Smirnova) ,,2013-02-07,9788979149999
핸즈온 머신러닝,오렐리앙 제롱(Aurélien Géron) ,,2018-04-27,9791162240731
Head First Android Development : 개념과 구조를 머릿속에 그려주는 안드로이드 개발 입문서(개정판),"돈 그리피스 , 데이비드 그리피스 ",,2018-07-15,9791162240953
"데이터과학 입문: 구글, MS, 이베이 데이터과학자에게 배우다","레이철 슈트 , 캐시 오닐 ",,2014-10-28,9788968481352
"IT CookBook, 기초전자실험 : with PSpice",홍순관 ,,2013-03-19,9788998756123
파이썬을 활용한 금융 분석,이브 힐피시 ,,2016-05-18,9788968482779
맵리듀스 디자인 패턴 : 하둡과 빅데이터에 효과적인 6가지 방법론과 26가지 실용 패턴,"도널드 마이너 , 아담 슈크 ",,2013-07-24,9788968480348
데이터 분석을 통한 네트워크 보안 : IoT 시대에 맞는 상황 인식형 보안 구축하기,마이클 콜린스 ,,2016-03-28,9788968482588
"IT CookBook, MATLAB으로 배우는 공학 수치해석",방성완 ,,2014-01-24,9788998756840
머하웃 완벽 가이드(Mahout in Action): 하둡에 딱 맞는 빅데이터를 활용한 기계학습,"션 오웬 , 로빈 애닐 , 테드더닝 , 엘렌 프리드만 ",,2012-10-23,9788979149609
"IT CookBook, 광통신 공학 : MATLAB과 함께하는 광통신 시스템",이종형 ,,2015-02-24,9791156641759
"IT CookBook, 공업수학 : 기본 개념부터 응용까지",이준탁 ,,2015-02-16,9791156641742
"IT CookBook, 핵심이 보이는 신호 및 시스템 : 기본 이론부터 MATLAB 실습까지",이철희 ,,2015-01-09,9791156641469
"IT CookBook, 디지털 신호 처리 : 기본 이론부터 MATLAB 실습까지",이철희 ,,2013-07-31,9788998756307
기초 공업수학,마인숙 ,,2017-02-28,9791156642985
하둡 완벽 가이드(4판),톰 화이트 ,,2017-03-01,9788968484599
뇌를 자극하는 PHP 프로그래밍,조명진 ,,2009-07-21,9788979146585
기초 선형대수학 : BASIC LINEAR ALGEBRA,"이광연 , 설한국 , 김진수 ",,2013-11-02,9788998756642
공학 기초수학 : Basic Mathematics for Engineering,함남우 ,,2014-07-07,9791156641179
SQL 첫걸음: 하루 30분 36강으로 배우는 완전 초보의 SQL 따라잡기,아사이 아츠시 ,,2015-10-26,9788968482311
SQL 레벨업 : DB 성능 최적화를 위한 SQL 실전 가이드,미크 ,,2016-01-22,9788968482519
뇌를 자극하는 C 프로그래밍,서현우 ,,2005-10-01,8979143443
Head First SQL : 효율적인 DB 관리를 위한 SQL 학습법,린 베일리 ,,2008-05-28,9788979145601
이것이 C 언어다,서현우 ,,2014-05-20,9788968481024
뇌를 자극하는 파이썬 3,박상현 ,,2016-02-05,9788968482359
NCS를 기반으로 한 직무 기초수학,"이광연 , 조성훈 , 최상일 ",,2018-10-05,9791156644002
만들면서 배우는 기계 학습: 생각을 만드는 빅데이터 기술,오다카 토모히로 ,,2012-06-18,9788979149234
Head First Programming : 파이썬으로 처음 배우는 프로그래밍,"폴 배리 , 데이빗 그리피스 ",,2011-03-17,9788979148190
"안드로이드 프로그래밍 정복 4판, 1권",김상형 ,,2016-01-22,9788968482526
Head First Python : 머리에 쏙쏙 들어오는 파이썬 안내서(수정판),폴 베리 ,,2016-03-28,9788968482724
수식이 보이는 공학수학 : Engineering Mathematics,장윤석 ,,2013-03-07,9788998756062
"IT CookBook, 영상을 이용한 디지털 신호처리 : 실제적인 사례와 응용","엄민영 , 김성제 ",,2014-01-28,9788998756857
클라우드 시스템을 관리하는 기술,"토머스 리몬첼리 , 스트래터 체일럽 , 크리스티나 호건 ",,2016-02-25,9788968482618
"Modern PHP: 네임스페이스, 트레이트, 클로저부터 모범 사례와 최신 도구까지",조시 록하트 ,,2015-10-15,9788968482250
웹 엔지니어가 알아야 할 인프라의 기본,바바 토시아키 ,,2015-06-28,9788968482014
유닉스 리눅스 셸 스크립트 예제 사전,오스미 유스케 ,,2015-08-27,9788968482137
"IT CookBook, PHP 프로그래밍 입문(개정판)",황재호 ,,2013-05-28,9788998756208
"IT CookBook, PHP 프로그래밍 for Beginner","박대혁 , 강의선 ",,2009-07-08,9788979146318
이것이 자바다,신용권 ,,2015-01-06,9788968481475
"IT CookBook, 원리로 이해하는 통신이론 : Analog & Digital Communications",한동석 ,,2015-01-01,9791156641445
"안드로이드 프로그래밍 정복 4판, 2권",김상형 ,,2016-01-22,9788968482533
최신 공학수학 with Sage Ⅱ,"이상구 , 김영록 , 박준현 , 김응기 , 이재화 ",,2016-01-12,9791156642107
기초 미분적분학(개정판) : Pre Calculus,함남우 ,,2017-07-07,9791156643210
"IT CookBook, 기초 신호 및 시스템",이철희 ,,2016-07-18,9791156642657
"IT CookBook, 통신시스템의 기초 : Fundamentals of Communications Systems",마이클 피츠 ,,2009-03-09,9788979146554
최신 공학수학 with Sage Ⅰ,"이상구 , 김영록 , 박준현 , 김응기 , 이재화 ",,2016-01-12,9791156642091
뇌를 자극하는 알고리즘,박상현 ,,2009-09-04,9788979146875
전공이 보이는 미분적분학: FOR ELECTRICAL & ELECTRONIC ENGINEERS,장윤석 ,,2015-05-30,9791156641827
"IT CookBook, C 언어 트레이닝",김상형 ,,2017-12-04,9791156643609
"IT CookBook, C++ 트레이닝",김상형 ,,2018-03-25,9791156643906
혼자 공부하는 C 언어,서현우 ,,2019-06-10,9791162241868
수식이 보이는 공학수학 : Engineering Mathematics (개정판),장윤석 ,,2018-06-20,9791156644026
"IT CookBook, 디지털 영상처리 입문 : 오감을 자극하는 3차원 입체 학습","신종홍 , 장선봉 , 지인호 ",,2015-02-16,9791156641766
파이썬 정복,김상형 ,,2018-04-02,9791162240540
"(10대를 위한 프로그래밍 노트, 수프) 코딩 클럽 LV1. 모두를 위한 파이썬 기초",크리스 로피 ,,2015-08-26,9788968482168
PHP 보안: 몇 줄의 코드로 안전하게,크리스 쉬플릿 ,,2006-03-07,8979143877
"유닉스 리눅스 프로그래밍 필수 유틸리티(개정판) : vim make, gcc, gdb, svn, binutils, autoconf, autotools",백창우 ,,2010-08-01,9788979147599
"(10대를 위한 프로그래밍 노트, 수프) 코딩 클럽 LV2. 본격 파이썬 입문",크리스 로피 ,,2015-08-26,9788968482175
유닉스 리눅스 명령어 사전(개정판),"우종경 , 박종오 ",,2010-11-25,9788979147933
"IT CookBook, HTML & CSS for Beginner",황재호 ,,2016-11-10,9791156642794
"IT CookBook, PHP 프로그래밍 입문(3판)",황재호 ,,2019-05-20,9791156644446
Hello Coding HTML5+CSS3,황재호 ,,2018-03-02,9791162240502
Head First Java: 뇌 회로를 자극하는 자바 학습법(개정판),"케이시 시에라 , 버트 베이츠 ",,2005-11-16,8979143710
The Art of Computer Programming 2: 준수치적 알고리즘(개정 3판),도널드 커누스(Donald E. Knuth) ,,2007-09-14,9788979144840
The Art of Computer Programming 1: 기초 알고리즘(개정 3판),도널드 커누스(Donald E. Knuth) ,,2006-09-28,9788979144307
The Art of Computer Programming 3: 정렬과 검색(개정 2판),도널드 커누스(Donald E. Knuth)) ,,2008-01-01,9788979145496
미적분학,"Carol Ash , Robert B. Ash ",,2016-01-21,9791156642343
"IT CookBook, 디지털 통신 시스템 : Digital Communication Systems","정호영 , 임승각 ",,2011-01-31,9788979147988
"자바 8 인 액션 : 람다, 스트림, 함수형 프로그래밍으로 새로워진 자바 마스터하기","라울-게이브리얼 우르마 , 마리오 푸스코 , 앨런 마이크로프트 ",,2015-03-19,9788968481796
The Art of Computer Programming 4A 컴퓨터 프로그래밍의 예술: 조합적 알고리즘 1부,도널드 커누스(Donald E. Knuth) ,,2013-08-19,9788968480287
"IT CookBook for Beginner, C++ 기초","신호철 , 조인현 ",,2013-08-13,9788998756475
기초 미분적분학 : Pre Calculus,함남우 ,,2014-01-28,9788998756819
"IT CookBook, 기본 개념과 핵심 원리로 배우는 C++ 프로그래밍",김화수 ,,2017-12-22,9791156643647
"IT CookBook, C++ 프로그래밍 기초 : 객체지향의 시작","성윤정 , 김태은 ",,2014-03-12,9791156641049
"IT CookBook, C C++로 배우는 자료구조론",주우석 ,,2015-02-24,9791156641780
"IT CookBook, C++ 하이킹 : 객체지향과 만나는 여행","성윤정 , 김태은 ",,2013-06-19,9788998756215
"IT CookBook, 컴퓨터 비전",오일석 ,,2014-07-01,9791156641216
뇌를 자극하는 C++ 프로그래밍,이현창 ,,2006-07-06,8979144199
PHP & MySQL 닌자 비법서,"톰 버틀러 Tom Butler , 케빈 양크 Kevin Yank ",,2019-02-01,9791162241455
"모던 웹 디자인을 위한 HTML5+CSS3 입문, 개정판",윤인성 ,,2015-01-19,9788968481611
우분투 환경에서 C 언어로 배우는 리눅스 프로그래밍,이이오 준 ,,2012-09-24,9788979149531
인터랙티브 웹디자인북: 웹디자이너를 위한 HTML5+CSS3+jQuery 사용설명서,최성일 ,,2015-04-27,9788968481895
러닝 PHP,데이비드 스클라 ,,2017-04-01,9788968483486
모던 웹을 위한 JavaScript + jQuery 입문(3판),윤인성 ,,2017-05-01,9788968483554
리눅스 시스템 프로그래밍(개정2판) : 커널과 C 라이브러리로 풀어가는(리눅스 3.x 최신 커널 기반),로버트 러브 ,,2014-12-26,9788968481482
"(10대를 위한 프로그래밍 노트, 수프) 코딩 클럽 LV3. 제대로 된 파이썬 앱 만들기",크리스 로피 ,,2015-11-06,9788968482335
파이썬으로 배우는 프로그래밍 기초,크리스 로피 ,,2016-08-18,9788968484940
"(10대를 위한 프로그래밍 노트, 수프) 코딩 클럽 LV4. 파이썬 프로그래밍 아트",크리스 로피 ,,2016-09-28,9788968484797
Head First Servlets & JSP(개정판) : 상상력을 자극하는 몰입의 학습법,"케이시 시에라 , 버트 베이츠 , 브라얀 바샴 ",,2009-02-02,9788979146639
HTML5+CSS3 정복 : 실습 위주의 친절한 HTML5 자습서,김상형 ,,2014-09-28,9788968481277
뇌를 자극하는 Java 프로그래밍,김윤명 ,,2006-09-04,8979143974
Head First Design Patterns: 스토리가 있는 패턴 학습법,"에릭 프리먼 , 엘리자베스 프리먼 , 케이시 시에라 , 버트 베이츠 ",,2005-08-22,8979143400
easy LTE : 초보 기술자를 위한 이동통신 가이드북,이상근 ,,2015-07-10,9791156641834
"IT CookBook, C C++ 프로그래밍 : 프로그래밍 기초와 객체지향",김동근 ,,2013-03-12,9788998756086
"IT CookBook, C로 배우는 쉬운 자료구조(개정판)",이지영 ,,2013-07-28,9788998756383
자바스크립트 자료구조와 알고리즘 : 구조적이고 효율적인 자바스크립트 프로그래밍 기법 익히기,마이클 맥밀런 ,,2014-08-28,9788968481222
"IT CookBook, 자바로 배우는 쉬운 자료구조",이지영 ,,2013-07-02,9788998756420
기계 학습,오일석 ,,2017-12-05,9791156641582
"IT CookBook, OpenGL로 배우는 3차원 컴퓨터 그래픽스",주우석 ,,2013-08-18,9788998756505
뇌를 자극하는 C++ STL,공동환 ,,2012-04-26,9788979149135
인터랙티브 디벨로퍼: 구글 엔지니어의 포트폴리오,김종민 ,,2015-07-24,9788968481840
모던 웹을 위한 Node.js 프로그래밍 3판,윤인성 ,,2016-07-01,9788968482946
코딩의 기술 : C와 C++ 게임 코드로 알아보는,오즈 모리하루 ,,2016-03-28,9788968482694
데이터베이스 첫걸음,"미크 , 기무라 메이지 ",,2016-10-10,9788968487316
"IT CookBook, HTML5 웹 프로그래밍 입문(3판)",윤인성 ,,2019-07-20,9791156644552
28일 동안 배우는 리눅스 서버 관리,카사노 히데마츠 ,,2014-09-28,9788968481215
"뇌를 자극하는 RedHat Fedora 리눅스 서버 & 네트워크, 3판",우재남 ,,2014-09-02,9788968481208
"리눅스 커널의 이해, 개정 3판","다니엘 보베이 , 마르코 체사티 ",,2006-09-28,8979144326
"IT EXPERT, 리눅스 커널 프로그래밍",한동훈 ,,2007-01-02,8979144601
"(꼬마해커의 작업실, 수프) 스크래치 : 창의력과 문제해결능력 향상을 위한 첫걸음","김종훈 , 양영훈 ",,2014-03-20,9788968480829
뇌를 자극하는 JSP & Servlet,김윤명 ,,2010-12-15,9788979147506
모던 웹을 위한 HTML5+CSS3 바이블(3판),윤인성 ,,2019-05-01,9791162241585
"(10대를 위한 프로그래밍 노트, 수프) 프로그래밍 비타민 : 컴퓨팅 사고력을 키우는 22가지 이야기",김종훈 ,,2015-07-28,9788968482106
"(꼬마해커의 작업실, 수프) 스크래치 알고리즘 : 초등학생도 볼 수 있는 가장 쉬운 알고리즘",김종훈 ,,2014-11-12,9788968481390
혼자 공부하는 파이썬,윤인성 ,,2019-06-10,9791162241882
사전처럼 바로 찾아 쓰는 알고리즘,"조지 T. 하인만 , 게리 폴리케 , 스탠리 셀코 ",,2010-03-08,9788979147292
더글라스 크락포드의 자바스크립트 핵심 가이드,더글라스 크락포드(Douglas Crockford) ,,2008-09-26,9788979145984
Programming Challenges: 알고리즘 트레이닝 북,"스티븐 스키에나 , 미구엘 레비야 ",,2004-07-14,8979142889
"인사이드 자바스크립트 : 핵심 개념과 원리를 정확하게. jQuery, Node.js, 클로저의 개념까지","송형주 , 고현준 ",,2014-01-02,9788968480652
"IT CookBook, HTML5 웹 프로그래밍 입문(개정판)",윤인성 ,,2016-12-26,9791156643074
읽기 좋은 자바스크립트 코딩 기법: 유지보수가 쉬운 코드로 팀의 생산성을 높이자,니콜라스 자카스 ,,2013-01-26,9788979149883
이것이 SQL Server다,우재남 ,,2016-06-28,9788968482922
"한 권으로 끝내는 Node & Express(Node 4, Express 4 테스트 완료)",이선 브라운 ,,2015-10-24,9788968482229
"IT CookBook, C로 배우는 쉬운 자료구조(개정3판)",이지영 ,,2016-07-28,9791156642695
"모던 웹을 위한 JavaScript + jQuery 입문(개정판) : 자바스크립트에서 제이쿼리, 제이쿼리 모바일까지 한 권으로 끝낸다",윤인성 ,,2013-09-03,9788968480423
RT:FM 두 번째 이야기: 프로그래머로 사는 법,"윤인성 , 김현수 , 유영창 , 이고잉 , 명승은 , 이철혁 ",,2013-07-25,9788968486425
"jQuery 최고의 교과서 : 디자이너, 퍼블리셔, 개발자를 위한 처음 시작하는 제이쿼리",주식회사 시프트브레인 ,,2015-01-28,9788968481574
자바스크립트를 말하다 : 가장 간결하면서도 완벽한 자바스크립트 입문서,악셀 라우슈마이어 ,,2014-09-12,9788968481192
전문가를 위한 C++ : C++ 11을 대하는 유쾌한 방법(개정판 1권),"마크 그레고리 , 니콜라스 솔터 , 스캇 클레퍼 ",,2013-10-17,9788968480386
함수형 자바스크립트 : 새롭고 올바른 자바스크립트 프로그래밍 기법,마이클 포거스 ,,2014-01-28,9788968480799
전문가를 위한 C++ : C++ 11을 대하는 유쾌한 방법(개정판 2권),"마크 그레고리 , 니콜라스 솔터 , 스캇 클레퍼 ",,2013-10-17,9788968480393
UNIX V6로 배우는 커널의 원리와 구조 : 고전으로 익히는 운영체제,아오야기 타카히로 ,,2014-05-28,9788968480966
자바스크립트 성능 최적화: High Performance JavaScript,니콜라스 자카스 ,,2011-09-15,9788979148558
스크래치를 활용한 문제해결능력 향상,김종훈 ,,2016-02-19,9788968482625
"(10대를 위한 프로그래밍 노트, 수프) 앱 인벤터: 나만의 앱 만들기! 구글과 MIT 기술로 배우는 컴퓨팅 사고력",김종훈 ,,2016-01-14,9788968482342
"IT CookBook, 소프트웨어 세상을 여는 컴퓨터 과학",김종훈 ,,2018-01-26,9791156643814
Elemental Design Patterns : 객체지향과 디자인 패턴의 연결 고리,제이슨 맥컴 스미스 ,,2013-05-02,9788968480140
"최고의 아빠가 알려주는 1등 코딩, 스크래치 3.0",김종훈 ,,2019-09-10,9791162242100
리팩토링: 코드 품질을 개선하는 객체지향 사고법,마틴 파울러 ,,2012-11-01,9788979149715
Head First HTML5 Programming: 웹 표준으로 만드는 생동감 있는 웹 애플리케이션,"에릭 프리먼 , 엘리자베스 롭슨 ",,2012-07-28,9788979149326
좋은 코딩 나쁜 코딩 : 단순한 코드가 좋은 코드다 (2판),박진수 ,,2013-10-10,9788968480560
창의적인 문제 해결 능력을 키워주는 IT 퍼즐,"김종훈 , 김병수 , 김태훈 , 양영훈 , 오정철 , 현동림 ",,2017-08-01,9788968488634
읽기 좋은 코드가 좋은 코드다: 더 나은 코드를 작성하는 간단하고 실전적인 테크닉,"더스틴 보즈웰 , 트레버 파우커 ",,2012-04-26,9788979149142
훌륭한 프로그래머 되는 법 : 프로젝트와 팀을 성공으로 이끄는 선배 개발자의 노하우,피트 구들리프 ,,2015-12-04,9788968482304
"자바스크립트 웹 애플리케이션 : 제이쿼리, Node.js, 웹소켓, 스파인, 백본, 자바스크립트MVC",알렉스 맥카우 ,,2012-06-18,9788979149258
"모던 웹을 위한 Node.js 프로그래밍(개정판) : 페이스북, 월마트, 링크드인이 선택한 자바스크립트 + 노드제이에스 서버 프로그래밍",윤인성 ,,2013-09-03,9788968480430
"IT CookBook, 자바스크립트 프로그래밍 입문",윤인성 ,,2016-12-15,9791156642787
"IT CookBook, 쉽게 배우는 알고리즘 : 관계 중심의 사고법",문병로 ,,2013-07-02,9788998756406
"IT CookBook, SQL Server로 배우는 데이터베이스 개론과 실습","박우창 , 남송휘 ",,2013-07-01,9788998756246
"IT CookBook, 유닉스 시스템 프로그래밍",이종원 ,,2010-01-12,9788979147155
jQuery Mobile(개정판),존 라이드 ,,2012-01-19,9788979149067
전문가를 위한 C++(개정3판),마크 그레고리 ,,2016-11-04,9788968484858
대학생을 위한 스크래치 프로그래밍 : 누구나 할 수 있는 가장 쉬운 프로그래밍 입문서,김종훈 ,,2016-01-26,9788968482557
Head First jQuery: 자바스크립트를 몰라도 배울 수 있는 제이쿼리,"라이언 베네디티 , 로넌 크랜리 ",,2012-05-24,9788979149203
"뇌를 자극하는 SQL Server 2012 (1권, 기본편)",우재남 ,,2013-02-13,9788979149920
전문가를 위한 C++(개정4판),마크 그레고리 ,,2019-08-20,9791162242087
자바 객체지향 디자인 패턴: UML과 GoF 디자인 패턴 핵심 10가지로 배우는,"정인상 , 채흥석 ",,2014-04-28,9788968480911
"뇌를 자극하는 SQL Server 2012 (2권, 관리/응용편)",우재남 ,,2014-04-28,9788968480782
Effective Unit Testing : 클린 코드와 좋은 설계를 이끄는 단위 테스트,라쎄 코스켈라 ,,2013-11-11,9788968480621
"IT CookBook, 컴퓨터 사이언스(개정판) : 새내기를 위한 최신 컴퓨터 개론","이동명 , 권오현 , 고정국 ",,2015-12-28,9791156642428
TopCoder 탑코더 알고리즘 트레이닝,타카하시 나오히로 ,,2013-10-28,9788968480553
"모던 웹을 요리하는 초간편 HTML5 Cookbook : 자바스크립트 API, 로컬 저장소, 접근성, 지오로케이션","크리스토퍼 슈미트 , 카일 심슨 ",,2012-08-17,9788979149401
리팩터링 2판 (리팩토링 개정판),마틴 파울러 ,,2020-04-01,9791162242742
Head First JavaScript : 대화형 웹 애플리케이션의 시작,마이클 모리슨 ,,2008-07-01,9788979145823
사전처럼 바로 찾아 쓰는 HTML5 핵심 API,하타노 후토미 ,,2011-12-01,9788979148732
클라이언트-서버 웹 앱 만들기: 자바와 자바스크립트로 배우는 모던 웹 앱 개발,캐지미어 새터노스 ,,2014-10-17,9788968481345
프로젝트로 배우는 HTML5+자바스크립트,지닌 마이어 ,,2012-06-22,9788979149241
"IT CookBook, 쉽게 배우는 유전 알고리즘 : 진화적 접근법",문병로 ,,2014-09-02,9791156641353
풀스택 개발자를 위한 MEAN 스택 입문,"애덤 브레츠 , 콜린 J. 이릭 ",,2015-08-27,9788968482182
"IT CookBook, 쉽게 배우는 알고리즘(개정판)",문병로 ,,2018-01-20,9791156643753
"IT CookBook, 유닉스 이론과 실습(개정판)","윤소정 , 이종원 ",,2013-07-28,9788998756512
"IT CookBook, 우분투 리눅스(개정판)",이종원 ,,2018-02-20,9791156643821
나는 프로그래머다,임백준외 6명 ,,2004-03-16,8979142749
만들면서 배우는 HTML5+CSS3+jQuery,야무(지훈) ,,2012-03-12,9788979149104
프로그래밍 스칼라,"딘 왐플러 , 알렉스 페인 ",,2016-06-01,9788968482755
"IT CookBook, 유닉스 이론과 실습(3판)","이종원 , 윤소정 ",,2019-11-13,9791156644637
"IT CookBook, 데이터베이스 관리와 실습(개정판) : MS SQL Server 2008",손광수 ,,2013-07-02,9788998756468
"IT CookBook, 데이터베이스 개론",김연희 ,,2013-07-03,9788998756253
"IT CookBook, 컴퓨터 개론 : 쉽게 배우는 컴퓨터 기본 원리","김종훈 , 김종진 ",,2013-03-12,9788998756055
"Blog2Book, 자바 개발자도 쉽고 즐겁게 배우는 테스팅 이야기",이상민 ,,2009-12-09,9788979147124
"IT CookBook, 데이터베이스 기초와 실습 : 액세스 2013",김지연 ,,2015-12-28,9791156642404
테스트 주도 개발 : 고품질 쾌속개발을 위한 TDD 실천법과 도구,채수원 ,,2010-06-08,9788979147261
HTML5 Canvas : 웹의 한계를 캔버스로 뛰어 넘는다,"스티브 펄튼 , 제프 펄튼 ",,2012-01-09,9788979148985
"팟캐스트 나는 프로그래머다: 뉴욕, 서울, 도쿄 개발자의 촌철살인 IT 이야기","임백준 , 정도현 , 김호광 ",,2015-10-19,9788968482281
"IT CookBook , MySQL로 배우는 데이터베이스 개론과 실습","박우창 , 남송휘 , 이현룡 ",,2019-08-15,9791156644576
"IT CookBook, 오라클로 배우는 데이터베이스 개론과 실습","박우창 , 남송휘 , 이현룡 ",,2014-06-19,9791156641186
"하이브리드 앱을 구현하는 기술 : HTML5, 자바스크립트, 코도바(폰갭)로 만드는 안드로이드와 iOS 앱 개발","구보타 미츠노리 , 아시알 주식회사 ",,2015-02-17,9788968481680
프로그래머로 사는 법: 프로그래머의 길을 걸어가는 당신을 위한 안내서,샘 라이트스톤 ,,2012-10-17,9788979149623
더 나은 프로그래밍을 위한 코드골프 : 즐기면서 배우는 자바스크립트 코드 퍼즐과 알고리즘,야나이 마사카즈 ,,2015-01-28,9788968481673
Head First JavaScript Programming : 게임과 퍼즐로 배우는 자바스크립트 입문서,"에릭 프리먼 , 엘리자베스 롭슨 ",,2015-01-27,9788968481567
한 번에 배우는 HTML5+자바스크립트,지닌 마이어 ,,2011-05-22,9788979148268
웹 표준 가이드: HTML5 + CSS3,존 앨섭(John Allsopp) ,,2010-11-25,9788979147940
프로그래머의 리더십,정영훈 ,,2015-01-05,9788968481512
Head First HTML and CSS(개정판) : HTML5를 적용한 웹 제작 지침서,"엘리자베스 롭슨 , 에릭 프리먼 ",,2013-04-11,9788968480126
"IT CookBook, 페도라 리눅스(개정판)",이종원 ,,2017-11-10,9791156641599
브루스 테이트의 세븐 랭귀지 : 프로그래머라면 알아야 할 미래를 품은 7가지 언어,브루스 테이트 ,,2015-04-27,9788968481857
폴리글랏 프로그래밍 : 새로운 자바 언어를 기다리는 히치하이커를 위한 안내서,임백준 ,,2014-03-18,9788968480867
"IT CookBook, 최신 이동통신 입문 : Mobile Communications",Jochen H. Schiller ,,2016-01-04,9791156642084
만들면서 배우는 모던 웹사이트 디자인,야무(지훈) ,,2014-03-17,9788968480904
누구나 쉽게 배우는 스칼라,고락윤 ,,2016-05-01,9788968488221
만들면서 배우는 모던 웹사이트 제작,야무(지훈) ,,2015-04-20,9788968481871
"IT CookBook, 프로그래밍 언어론 : 쉽게 배우는 언어의 원리와 구조","김종훈 , 김종진 ",,2013-07-02,9788998756437
임백준의 아카 시작하기 : Akka 개념 잡기,임백준 ,,2015-10-29,9788968487897
모던 웹을 위한 HTML5 웹소켓 프로그래밍,"바네사 왕 , 프랭크 살림 , 피터 모스코비츠 ",,2013-07-24,9788968480317
회사에서 바로 통하는 액세스 2007,김재훈 ,,2008-01-28,9788979145359
행복한 프로그래밍(개정판),임백준 ,,2016-11-18,9788968484704
"IT CookBook, 액세스 2007 for Beginner",박명철 ,,2008-12-28,9788979146097
"IT CookBook, 초보자의 첫 번째 액세스 2007",최희식 ,,2009-11-05,9788979146967
회사에서 바로 통하는 액세스 2010,김재훈 ,,2011-01-05,9788979147841
만들면서 배우는 HTML5 게임 프로그래밍: PC와 스마트폰을 한 번에 잡는 멀티 플랫폼 게임 프로그래밍,황동윤 ,,2013-06-22,9788968480225
드림팀의 악몽: 산으로 가는 팀 프로젝트를 바로잡는 애자일 코칭법,포샤 텅 ,,2014-05-16,9788968480973
"Blog2Book, 프로젝트 관리자PM를 위한 프로젝트 관리 이야기",신진현 ,,2015-02-27,9788968481048
"IT CookBook, 데이터베이스 기초와 실습 : 액세스 2010",김지연 ,,2013-08-21,9788998756369
프로그래밍은 상상이다,임백준 ,,2008-09-01,9788979145946
"IT CookBook , 엑셀과 파워포인트 2016",김지연 ,,2017-12-27,9791156643760
"IT CookBook, 엑셀 2016",김지연 ,,2018-06-29,9791156644057
Head First HTML with CSS & XHTML : 웹2.0 시대의 웹 표준 학습법,"에릭 프리먼 , 엘리자베스 프리먼 ",,2006-05-28,8979144105
누워서 읽는 알고리즘: 프로그래밍 상상력을 키워주는 알고리즘 이야기,임백준 ,,2015-10-16,9788968482274
"IT CookBook, 파워포인트 2016",김지연 ,,2019-06-29,9791156644514
누워서 읽는 퍼즐북 : 뉴욕의 프로그래머 임백준의 퍼즐이야기,임백준 ,,2010-01-15,9788979147193
"IT CookBook, 확률과 랜덤 과정",정호영 ,,2018-01-15,9791156643791
"IT CookBook, 전공자를 위한 C 언어 프로그래밍",주우석 ,,2018-12-14,9791156643708
이것이 C++이다,최호성 ,,2016-01-19,9788968482465
누구나 쉽게 스칼라+플레이,고락윤 ,,2016-11-01,9788968484728
"JavaScript+jQuery 정복 : 보고, 이해하고, 바로 쓰는 자바스크립트 공략집",김상형 ,,2014-10-17,9788968481321
"IT CookBook, 컴파일러의 이해 : 내공 있는 프로그래머로 길러주는",박두순 ,,2016-01-02,9791156642411
팟캐스트 나는 프로그래머다 2탄,"임백준 , 정도현 , 김호광 ",,2016-06-23,9788968482908
프로그래머 첫걸음,코리 알트호프 ,,2018-01-02,9791162240380
임백준의 대살개문,임백준 ,,2016-04-28,9788968482748
대학수학 Plus : University Mathematics,이재원 ,,2013-10-14,9788998756635
"IT CookBook, 컴퓨터 구조와 원리 2.0 : 비주얼 컴퓨터 아키텍처",신종홍 ,,2013-08-21,9788998756314
"Introduction To Algorithms, Third Edition","토머스 코멘 , 찰스 레이서손 , 로날드 리베스트 , 클리포드 스타인 ",,2014-07-10,9791156641131
Hello Coding 파이썬,윤인성 ,,2018-01-02,9791162240274
"Blog2Book, 프로젝트 성패를 결정짓는 데이터 모델링 이야기",김상래 ,,2015-09-17,9788968482212
"Head First PMP : 체계적인 프로젝트 관리를 위한 국제 공인 학습법 (개정3판, PMBOK® 지침서 5판 시험대비용)","제니퍼 그린 , 앤드류 스텔만 ",,2014-09-12,9788968481154
공학도라면 반드시 알아야 할 최소한의 수학,John Bird ,,2017-09-30,9791156643333
자바 퍼즐러 : 세상에서 가장 재미있는 자바 책,"조슈아 블로크 , 닐 개프터 ",,2014-12-27,9788968481444
처음 시작하는 파이썬: 파이썬 패키지를 활용한 모던 컴퓨팅 입문,빌 루바노빅 ,,2015-12-04,9788968482397
대학생을 위한 파이썬 프로그래밍 : 누구나 할 수 있는 가장 쉬운 프로그래밍 입문서,크리스 로피 ,,2016-01-26,9788968482540
"Head First Python, 개정판",폴 배리 ,,2017-12-04,9791162240281
"Blog2Book, 아는 만큼 보이는 데이터베이스 설계와 구축",이춘식 ,,2008-07-04,9788979145571
이것이 안드로이드다,박성근 ,,2014-08-25,9788968481178
혼자 공부하는 자바,신용권 ,,2019-06-10,9791162241875
핸즈온 머신러닝(2판),오렐리앙 제롱(Aurélien Géron) ,,2020-05-04,9791162242964
MATLAB으로 배우는 공학수학 : Engineering Mathematics,소상균 ,,2014-01-28,9788998756871
기초수학 : Basic Mathematics,"이재원 , 박성욱 ",,2014-03-21,9791156641087
컴파일러 구조와 원리,아오키 미네로우 ,,2010-09-06,9788979147681
공학 핵심수학 : Core Mathematics for Engineering,함남우 ,,2015-01-01,9791156641438
이산수학 : tool 중심으로 이해하는 새로운 시각,박두순 ,,2019-01-31,9791156644033
처음 배우는 딥러닝 수학,"와쿠이 요시유키 , 와쿠이 사다미 ",,2018-02-01,9791162240441
"IT CookBook, 컴퓨터 아키텍처 : 컴퓨터 구조 및 동작 원리",우종정 ,,2014-08-11,9791156641322
이자론 중심으로 배우는 금융수학 : 보험계리사 시험 대비,이재원 ,,2014-10-10,9791156641315
생생한 사례로 배우는 확률과 통계,이재원 ,,2016-07-15,9791156642619
이것이 C#이다,박상현 ,,2018-07-01,9791162240861
기초수학 : Basic Mathematics(2판),이재원 ,,2020-01-10,9791156644811
확률과 통계 입문 : Basic Probability & Statistics,이재원 ,,2017-07-10,9791156643227
문과생도 이해하는 전기전자수학,야마시타 아키라 ,,2017-07-14,9791156643289
공학도라면 반드시 알아야 할 최소한의 과학,John Bird ,,2018-12-21,9791156644040
PMP 바이블 : PMP 자격증 취득의 길로 안내하는 가장 확실한 지침서 (전2권 세트),"강정배 , 서정훈 , 이지현 , 박주진 ",,2015-01-07,9788968481604
"IT CookBook, 컴파일러의 이해 : 내공 있는 프로그래머로 길러주는 (증보판)",박두순 ,,2020-02-20,9791156644835
케스케이딩 완벽 가이드 : 빅데이터 분석을 위한 하둡 워크플로우 관리 도구,파코 네이선 ,,2014-01-17,9788968480775
린 UX : 린과 애자일 그리고 진화하는 사용자 경험,"제프 고델프 , 조시 세이던 ",,2013-10-25,9788968480485
나의 첫 파이썬,에릭 마테스 ,,2017-05-01,9788968483561
"Head First Agile : 개념부터 시험 대비까지, 가장 애자일다운 안내서","앤드류 스텔만 , 제니퍼 그린 ",,2019-08-01,9791162242018
Hello Coding 프로그래밍,Pope Kim ,,2018-01-02,9791162240342
스크럼 성공전략 : 성공하는 애자일을 위한 30가지 지름길,일란 골드스타인(Ilan Goldstein) ,,2014-09-02,9788968481239
만들면서 배우는 안드로이드 게임 프로그래밍(개정판),황동윤 ,,2013-06-20,9788968480249
초보자를 위한 안드로이드 스튜디오 : Hello World부터 채팅 앱과 벽돌깨기 게임까지,마츠오카 겐지 ,,2016-01-22,9788968482564
만들면서 배우는 인터프리터: 컴파일러 이론으로 만드는 나만의 스크립트 언어,하야시 하루히코 ,,2012-10-12,9788979149043
"MongoDB 몽고디비 완벽 가이드 : 페이스북, 트위터가 선택한 NoSQL의 진수를 만나다! (개정2판)",크리스티나 초도로우 ,,2014-04-24,9788968480959
"IT CookBook, R로 배우는 딥러닝","박혜정 , 석경하 , 심주용 , 황창하 ",,2018-06-30,9791156644095
하이브 완벽 가이드: 하둡을 이용한 SQL 기반 빅데이터 분석 도구,"에드워드 카프리올로 , 딘 웜플러 , 제이슨 러더글렌 ",,2013-03-28,9788968480072
"IT CookBook, 임베디드 리눅스 기초와 응용","우종정 , 사공준 ",,2017-01-24,9791156643135
Head First C# : 상상을 초월하는 객체지향 C# 학습법(개정3판),"앤드류 스텔만 , 제니퍼 그린 ",,2015-02-27,9788968481659
알고리즘 문제 풀이 전략,"조중필 , 한현상 , 이주호 ",,2016-06-01,9788968482700
"IT CookBook, 텐서플로로 배우는 딥러닝","박혜정 , 석경하 , 심주용 , 황창하 ",,2019-06-30,9791156644538
"IT CookBook, 쉽게 배우는 자바 프로그래밍",우종정 ,,2017-08-02,9791156643296
"프로그래밍 면접, 이렇게 준비한다(3판)","존 몽건 , 에릭 기게리 , 노아 수요야넨 킨들러 ",,2014-02-28,9788968480843
"자바 프로그래밍 면접, 이렇게 준비한다",노엘 마크엄 ,,2015-01-23,9788968481529
린 고객 개발 : 고객의 지갑을 여는 제품 만들기,신디 앨버레즈 ,,2015-04-27,9788968481864
한 권으로 끝내는 딥러닝 텐서플로,"바라스 람순다르 Bharath Ramsundar , 레자 자데 Reza Bosagh Zadeh ",,2018-11-05,9791162241226
린 분석 : 성공을 예측하는 31가지 사례와 13가지 패턴,"앨리스테어 크롤 , 벤저민 요스코비츠 ",,2014-01-02,9788968480690
9가지 사례로 익히는 고급 스파크 분석(2판),"샌디 라이자 , 유리 레이저슨 , 션 오언 , 조시 윌스 ",,2018-03-05,9791162240526
린 마인드셋 : 린 스타트업을 위한 경영 철학,"메리 포펜딕 , 톰 포펜딕 ",,2014-04-02,9788968480928
린 스타트업 실전 UX: 더 빠르고 스마트하게 일하는 린 UX 실행 전략,로라 클라인 ,,2014-09-28,9788968481086
9가지 사례로 익히는 고급 스파크 분석(2판),"샌디 라이자 , 유리 레이저슨 , 션 오언 , 조시 윌스 ",,2018-03-05,9791162240526
Hello Coding 그림으로 개념을 이해하는 알고리즘,아디트야 바르가바 ,,2017-04-01,9788968483547
린 스타트업: 실리콘밸리를 뒤흔든 IT 창업 가이드,애시 모리아 ,,2012-11-17,9788979149692
뇌를 자극하는 C# 5.0 프로그래밍,박상현 ,,2014-08-19,9788968481161
애자일 개발과 스크럼 : 더 나은 자신과 팀을 위한 소프트웨어 개발 방법,"노나카 이쿠지로 , 히라나베 겐지 ",,2014-07-28,9788968481109
파이썬 라이브러리를 활용한 데이터 분석(2판),웨스 맥키니 ,,2019-05-20,9791162241905
"IT CookBook, 우분투 리눅스 : 시스템 & 네트워크",이종원 ,,2014-07-03,9791156641209
"IT CookBook, RF 및 초고주파 공학",카이 창(Kai Chang) ,,2014-03-12,9791156641063
"Blog2Book, 프로그래머가 몰랐던 멀티코어 CPU 이야기",김민장 ,,2010-05-20,9788979147407
"IT CookBook, 페도라 리눅스 : 시스템 & 네트워크",이종원 ,,2014-01-02,9788998756659
"IT CookBook, 리눅스 프로그래밍 기초 : 시스템 호출, 라이브러리 함수별 실습","최태영 , 황준하 , 고재필 , 윤현주 , 김용호 ",,2015-08-17,9791156641964
MongoDB 활용 가이드: 스케일링과 50가지 팁,크리스티나 초도로우 ,,2011-12-09,9788979148862
IT EXPERT 윈도우 시스템 프로그램을 구현하는 기술,이호동 ,,2015-03-28,9788968481789
뇌를 자극하는 윈도우즈 시스템 프로그래밍,윤성우 ,,2007-03-28,9788979144611
핸드메이드 일렉트로닉 뮤직,니콜라스 콜린스 ,,2016-03-04,9788968482632
"IT CookBook, JUST JAVA : 객체지향에 충실한 자바다운 자바",황희정 ,,2015-10-26,9791156642015
"IT CookBook, GOOD JAVA : 프로그래밍을 시작하는 사람들을 위한",우재남 ,,2016-02-16,9791156642442
메이커 매뉴얼,"안드레아 마이에타 , 파올로 알리베르티 ",,2016-07-01,9788968482885
Make: 심플 로봇,케이티 세서리 ,,2016-08-01,9788968484971
"IT CookBook, 자바 프로그래밍 바이블","오경주 , 염기호 , 정용훈 ",,2016-08-12,9791156642732
"프로그래밍 면접, 이렇게 준비한다(4판)","존 몽건 , 노아 킨들러 , 에릭 기게리 ",,2019-07-04,9791162241998
러닝 텐서플로,"톰 호프 , 예헤즈켈 레셰프 , 이타이 리더 ",,2018-05-04,9791162240687
아두이노 101,서영배 ,,2016-10-15,9788968484780
처음 시작하는 드론,"테리 킬비 , 베린다 킬비 ",,2016-10-01,9788968484841
Make: 액션,사이먼 몽크 ,,2016-12-06,9788968484674
하드웨어 스타트업,"르네 디레스타 , 브레이디 포레스트 , 라이언 빈야드 ",,2016-10-01,9788968484834
Make: 드론,데이비드 맥그리피 ,,2017-08-01,9788968488641
전자부품 백과사전 vol.3,"찰스 플랫 , 프레드릭 얀슨 ",,2017-05-01,9788968483493
보고서 작성 실무 강의,홍장표 ,,2019-10-30,9791162242254
MongoDB 완벽 가이드 : NoSQL의 진수를 만나다!,"크리스티나 초도로우 , 마이클 디롤프 ",,2011-05-19,9788979148251
리버스 엔지니어링 1권(파일 구조 편),이호동 ,,2016-09-28,9788968484872
"IT CookBook, 자바 프로그래밍 기초 : 원리부터 응용까지",고응남 ,,2008-12-15,9788979146523
편집 디자인 강의 with 인디자인(10년차 디자이너에게 1:1로 배우는) (개정판),황지완 ,,2019-10-07,9791162242216
사전처럼 바로 찾아 쓰는 자바7 : 기본부터 심화까지 해결하는 문제 해결의 길잡이,조시 주노 외 3인 ,,2013-10-28,9788968480546
리버스 엔지니어링 2권(디버거 편),이호동 ,,2017-03-01,9788968484810
"IT CookBook, 프로젝트로 배우는 자바 웹 프로그래밍",황희정 ,,2014-01-09,9788998756680
회사에서 바로 통하는 실무 엑셀 최강 업무 활용법,전미진 ,,2019-11-30,9791162242292
회사에서 바로 통하는 엑셀 FOR STARTERS,전미진 ,,2020-01-06,9791162242544
라임튜브와 함께하는 우리 아이 유튜브 스타 만들기,라임파파(길기홍) ,,2020-01-06,9791162242520
잘 검색되고 방문자가 늘어나는 네이버 블로그&포스트 만들기,정진수 ,,2019-11-22,9791162242193
세상에서 제일 친절한 엑셀 매크로&VBA,박재영 ,,2020-01-06,9791162242537
맛있는 디자인 프리미어 프로&애프터 이펙트 CC 2020,"김덕영 , 심수진 , 윤성우 , 이수정 ",,2020-02-05,9791162242599
맛있는 디자인 포토샵&일러스트레이터 CC 2020,"빨간고래(박정아) , 윤이사라(포완카) ",,2020-01-30,9791162242582
맛있는 디자인 일러스트레이터 CC 2020,빨간고래(박정아) ,,2020-02-20,9791162242889
맛있는 디자인 애프터 이펙트 CC 2020,이수정 ,,2020-03-13,9791162242902
회사에서 바로 통하는 파워포인트 FOR STARTERS,이화진 ,,2020-05-07,9791162243107
회사에서 바로 통하는  실무 엑셀+파워포인트+워드&한글(개정판),"전미진 , 이화진 , 신면철 ",,2020-04-10,9791162243008
맛있는 디자인 포토샵 CC 2020,"윤이사라(포완카) , 김신애 ",,2020-03-06,9791162242865
회사에서 바로 통하는  오토캐드 AutoCAD 2021,심미현 ,,2020-08-03,9791162243329
맛있는 디자인 프리미어 프로 CC 2020,"김덕영 , 심수진 , 윤성우 ",,2020-02-28,9791162242872
필수 공식으로 하루에 하나씩 정복하는 엑셀 업무 공략집,최준선 ,,2020-06-01,9791162243169
"이것이 레디스다 : 초고속 읽기 쓰기를 제공하는 인메모리 기반 NoSQL, Redis",정경석 ,,2013-11-28,9788968480591
자바7 NIO.2: 파일&네트워크 프로그래밍,앵겔 레너드 ,,2012-06-28,9788979149319
"IT CookBook, ASP.NET 4.0 프로그래밍",김동아 ,,2014-02-19,9791156641025
맛있는 디자인 인디자인 CC,황지완 ,,2016-02-19,9788968482427
맛있는 디자인 포토샵&인디자인 CC 2018,"박효근 , 윤이사라(포완카) , 황지완 ",,2018-08-03,9791162240915
"IT CookBook, 4차 산업혁명 시대의 정보통신개론",고응남 ,,2020-01-06,9791156644767
10년차 디자이너에게 1:1로 배우는 편집 디자인 강의+인디자인,황지완 ,,2014-04-28,9788968480935
허팝만 따라 해봐! 유튜브 정석,"허팝 , 안정기 ",,2020-08-10,9791162243213
이기적 유인원,니컬러스 머니 ,,2020-04-03,9791157844012
맛있는 디자인 애프터 이펙트 CS6 & CC,이수정 ,,2014-11-21,9788968481420
맛있는 디자인 포토샵&일러스트레이터 CC 2020,"빨간고래(박정아) , 윤이사라(포완카) ",,2020-01-30,9791162242582
타겟티드,브리태니 카이저 ,,2020-04-06,9791157844029
은밀한 설계자들,클라이브 톰슨 ,,2020-04-06,9791157843985
세상에서 제일 친절한 엑셀,박재영 ,,2017-04-05,9788968484605
이것이 안드로이드다 with 코틀린,고돈호 ,,2020-04-25,9791162242971
디자인 굿즈 만들기 with 포토샵&일러스트레이터,김신애 ,,2016-11-01,9788968484766
맛있는 디자인 프리미어 프로 CC 2019 & 프리미어 러시,"김덕영 , 심수진 , 윤성우 ",,2019-04-30,9791162241806
할짝 심리학,이한나 ,,2020-04-30,9791157844142
나는 불평을 그만두기로 했다,크리스틴 르위키 ,,2020-04-20,9791157844081
회사에서 바로 통하는 오토캐드 2019,심미현 ,,2018-08-03,9791162241011
잘 검색되고 방문자가 늘어나는 네이버 블로그&포스트 만들기,정진수 ,,2019-11-22,9791162242193
맛있는 디자인 애프터 이펙트 CC 2019,이수정 ,,2019-05-23,9791162241783
회사에서 바로 통하는 오토캐드 2017,심미현 ,,2016-07-31,9788968483004
회사에서 바로 통하는 실무 엑셀+파워포인트+워드&한글,"전미진 , 이화진 , 신면철 ",,2018-09-17,9791162241097
안드로이드의 모든 것 NDK: C/C++을 이용한 안드로이드 앱 개발 방법,"고현철 , 전호철 ",,2012-09-17,9788979149593
맛있는 디자인 인디자인 CS6,황지완 ,,2012-11-28,9788979149814
맛있는 디자인 포토샵 CC 2018,"윤이사라(포완카) , 박효근 ",,2018-02-05,9791162240465
맛있는 디자인 드림위버 CC,"임화연 , 이해령 ",,2015-07-28,9788968482120
포토샵 디자인 스타일북 : 6 TYPES 20 STYLES,김혜경 ,,2013-05-28,9788968480218
실전 쇼핑몰 포토샵 북 : 상품 사진 보정부터 상세 페이지 제작까지 쇼핑몰 디자인의 모든 것,임화연 ,,2014-05-22,9788968480997
이것이 편집디자인이다: 편집디자이너가 알아야 할 모든 것,김덕희(CDM The Big) ,,2012-06-18,9788979149340
"IT CookBook, New 정보통신개론 : 기본 이론부터 사물인터넷 개념까지",고응남 ,,2015-07-03,9791156641957
맛있는 디자인 일러스트레이터 CC,빨간고래(박정아) ,,2014-10-16,9788968481284
맛있는 디자인 프리미어 프로 CS6 & CC,"윤성우 , 김덕영 ",,2015-09-11,9788968482090
4차 인간,"이미솔 , 신현주 ",,2020-04-30,9791157844135
뇌를 자극하는 ASP.NET 2.0 프로그래밍,이시환 ,,2006-07-06,8979144083
맛있는 디자인 포토샵 CC,"윤이사라(포완카) , 박효근 ",,2015-07-28,9788968482083
"IT EXPERT, ASP.NET 2.0 웹 프로젝트와 실전 프로그래밍",조성진 ,,2006-07-03,8979144180
내러티브 앤 넘버스,애스워드 다모다란 ,,2020-05-20,9791157843763
포스트 코로나,"임승규(국제경제) , 장두석(국내경제) , 양석재(부동산) , 조관자(사회) , 김재헌(의료) , 유필립(정치사회) , 박남기(교육) ",,2020-05-15,9791157844197
2020 부동산 세금 사용설명서,김성일 ,,2020-05-26,9791157844227
맛있는 디자인 애프터 이펙트 CC 2018,이수정 ,,2018-06-30,9791162240762
뱅크 4.0,브렛 킹 ,,2020-06-15,9791157844166
까면서 보는 해부학 만화,"압듈라 , 신동선(감수) ",,2020-06-19,9791157844241
"CIA 요원, 최강 비즈니스맨이 되다",제이슨 핸슨 ,,2020-06-01,9791157844180
맛있는 디자인 프리미어 프로 CC 2018,"윤성우 , 김덕영 ",,2018-05-15,9791162240717
회사에서 바로 통하는 오토캐드 2015,심미현 ,,2015-02-27,9788968481727
쇼핑몰 디자인&제작북 with 포토샵+플래시+드림위버,임화연 ,,2011-03-21,9788979148213
10년차 디자이너에게 1:1로 배우는 포토샵 디자인 강의,정다영 ,,2015-01-28,9788968481666
뽀얀의 포토샵 일러스트 하우스 II 미술사 거장을 만나다,뽀얀(김은혜) ,,2010-04-23,9788979147360
불황을 이기는 색다른 쇼핑몰 COLOR & LAYOUT,"김정인 , 박혜진 , 라임기획 ",,2009-01-28,9788979146059
쇼핑몰 창업+운영+제작 북(인터넷 쇼핑몰 대표 강사와 함께하는),"정희전 , 착한사진연구소(남상욱 ",,2012-05-24,9788979149173
맛있는 디자인 포토샵 CC 2019,"윤이사라 , 김신애 ",,2019-03-29,9791162241677
맛있는 디자인 드림위버 CS6,임화연 ,,2012-10-18,9788979149654
"IT CookBook, 쉽게 배우는 데이터 통신과 컴퓨터 네트워크",박기현 ,,2013-09-15,9788998756611
퇴근길 인문학 수업 : 뉴노멀,"백상경제연구원 , 김경미 , 연유진 , 이준정 , 김숙 , 오준호 , 장형진 , 이효정 , 강학중 , 김선아 , 문승호 , 안나미 , 조현수 ",,2020-06-30,9791157844265
"IT CookBook, 네트워크 개론(개정판) : 쉽게 배우는 네트워크의 기본 원리",진혜진 ,,2014-01-07,9788998756734
"IT CookBook, New 데이터통신과 네트워킹 : 차세대 통신을 위한 밑그림",강문식 ,,2014-11-27,9791156641421
맛있는 디자인 포토샵 CS6,"임화연 , 이세련 , 이해령 ",,2013-02-28,9788968480010
맛있는 디자인 포토샵 & 드림위버 CC,"임화연 , 이해령 ",,2016-08-10,9788968484964
쇼핑몰 디자인 제작 북,"임화연 , 이해령 ",,2017-12-05,9791162240311
미라클 모닝 기적의 공식(개정판),할 엘로드 ,,2020-07-15,9791157844296
오늘도 뇌는 거짓말을 한다,알베르 무케베르 ,,2020-08-10,9791157844333
"별, 걔 다 그립네","밤하늘(김하늘) , 차희라 ",,2020-07-30,9791157844302
게임 오버,한스 페터 마르틴 ,,2020-08-20,9791157844357
아주 슬퍼요,오렐리 쉬엥 쇼 쉰느 ,,2020-02-28,9791162242629
왠지 부끄러워요,오렐리 쉬엥 쇼 쉰느 ,,2020-02-28,9791162242643
무지무지 질투 나요,오렐리 쉬엥 쇼 쉰느 ,,2020-02-28,9791162242667
청소년 인문학 수업 - 2권,"백상경제연구원 , 박정호 , 오준호 , 장형진 , 문승호 , 박영규 , 이효정 , 김형찬 , 최형선 , 박희용 , 권준수 ",,2020-08-25,9791157844388
청소년 인문학 수업 - 1권,"백상경제연구원 , 이화진 , 안나미 , 이정선 , 최옥정 , 나성인 , 김나정 , 민혜련 , 최은 , 이종관 ",,2020-08-25,9791157844371
뽀얀의 일러스트 하우스 by 포토샵,김은혜 ,,2007-12-11,9788979145205
10년차 디자이너에게 1:1로 배우는 일러스트레이터 디자인 강의,장보경(앤하우스) ,,2014-01-08,9788968480768
내 일상을 꾸며주는 포토샵 CS6&CC,우보명(야우) ,,2013-12-26,9788968480744
호기심디테일의 포토샵 CS5,귀동걸(박귀염) ,,2012-01-05,9788979148893
뽀얀의 감성 일러스트레이션 : 포토샵과 일러스트레이터를 이용한 손 느낌 나는 일러스트 기법,뽀얀(김은혜) ,,2012-10-28,9788979149661
너무 무서워요,오렐리 쉬엥 쇼 쉰느 ,,2020-02-28,9791162242636
너무 들뜨고 신나요!,오렐리 쉬엥 쇼 쉰느 ,,2020-02-28,9791162242681
"IT CookBook, New 인터넷 이해와 활용",김경신 ,,2014-01-09,9788998756703
퇴근길 인문학 수업 : 연결,백상경제연구원 ,,2019-09-30,9791157843640
맛있는 디자인 포토샵 & 일러스트레이터 CC,"박정아 , 박효근 , 윤이사라(포완카) ",,2016-05-16,9788968482762
미라클 라이프,할 엘로드 ,,2017-10-23,9791157842087
퇴근길 인문학 수업 : 관계,백상경제연구원 ,,2019-06-10,9791157843398
미라클 모닝 밀리어네어,"할 엘로드 , 데이비드 오스본 ",,2019-04-01,9791157843244
기적의 매출을 위한 미라클 모닝,"할 엘로드 , 라이언 스노우 ",,2019-06-30,9791157843411
"IT CookBook, Play 포토샵",원다예 ,,2015-04-27,9791156641803
미라클 모닝 다이어리,할 엘로드 ,,2016-11-22,8809729440003
"IT CookBook, enjoy design 포토샵 CS6",이영주 ,,2013-07-28,9788998756352
우리 아이 첫 감정 연습(세트),오렐리 쉬엥 쇼 쉰느 ,,2020-02-28,9791162242711
"IT CookBook, 네트워크 개론(3판)",진혜진 ,,2019-07-05,9791156644521
잠이 안 와요,오렐리 쉬엥 쇼 쉰느 ,,2020-02-28,9791162242704
미라클 이퀘이션,할 엘로드 ,,2020-01-20,9791157843817
"IT CookBook, 전자회로 : 핵심 개념부터 응용까지","강문식 , 신경욱 ",,2013-07-25,9788998756482
"IT CookBook, enjoy design 일러스트레이터 CS6","김경진 , 김부치 ",,2014-01-03,9788998756727
일러스트레이터 트레이닝 북: Illustrator Training Book,박혜진 삐딱대가리 ,,2009-01-28,9788979146240
마담의크스와 함께 하는 손글씨&동꼬 by 포토샵,"마담의크스 카페 , 네모기획 ",,2006-07-12,8979144261
"나에게, 포토샵: 생활 디자이너 7명이 들려주는 일상, 작업, 포토샵 이야기","김효정 , 김진숙 , 이지남 , 조영주 , 신동욱 , 최재연 , 조선진 ",,2013-03-25,9788968480096
"IT CookBook, 쉽게 배우는 데이터 통신과 컴퓨터 네트워크 (개정판)",박기현 ,,2016-12-26,9791156643043
아이벤의 블링블링 포토샵,"김현태 , 아이벤 포토샵 카페 ",,2009-09-28,9788979146929
"IT CookBook, 인터넷 이해와 활용 : 인터넷 기초부터 홈페이지 제작까지(개정2판)","안치현 , 김형철 ",,2014-03-12,9791156641056
"IT CookBook, 초보자의 첫 번째 컴퓨터와 인터넷 활용",최희식 ,,2009-11-05,9788979147001
내 잘못이에요,오렐리 쉬엥 쇼 쉰느 ,,2020-02-28,9791162242674
디자인 문구 실무 제작&디자인(7년차 디자이너 야우가 알려주는),우보명(야우) ,,2011-07-14,9788979148060
참 행복해요!,오렐리 쉬엥 쇼 쉰느 ,,2020-02-29,9791162242650
"IT CookBook, 웹 기획 기초와 설계(개정판) : 웹 사이트, 인터페이스, 디자인",강은정 ,,2013-09-15,9788998756604
퇴근길 인문학 수업 : 전진,백상경제연구원 ,,2018-10-15,9791157842872
미라클 모닝,할 엘로드 ,,2016-02-17,9791157841110
퇴근길 인문학 수업 : 전환,백상경제연구원 ,,2018-09-28,9791157842865
퇴근길 인문학 수업 : 멈춤,백상경제연구원 ,,2018-09-11,9791157842858
"IT CookBook, 핵심이 보이는 전자회로",신경욱 ,,2014-07-22,9791156641308
"IT CookBook, 핵심이 보이는 전자회로 실험 with PSPICE",신경욱 ,,2017-11-30,9791156643654
"IT CookBook, 단계별로 배우는 전자회로 실험 : 기본 소자부터 응용 회로까지",이강윤 ,,2014-06-05,9791156641117
미라클 모닝 다이어리,할 엘로드 ,,2016-11-16,9791157841554
"IT CookBook, design school 포토샵 & 일러스트레이터 CC 2019",이영주 ,,2019-06-06,9791156644477
"IT CookBook, 핵심이 보이는 전자회로 with PSPICE(개정판)",신경욱 ,,2018-04-30,9791156643883
"IT CookBook, design school 포토샵 CC 2019",이영주 ,,2019-04-19,9791156644453
"IT CookBook, CMOS 디지털 집적회로 설계 : 기본 이론부터 실습까지",신경욱 ,,2014-05-30,9791156641100
"IT CookBook, UI 디자인과 프로토타이핑을 위한 Adobe XD",이영주 ,,2020-01-06,9791156644750
Thinking About : PPL을 이용한 VC++ 병렬 프로그래밍(2판),김경진 ,,2014-03-17,9788968486548
포토샵 CS 디자인 스쿨(증보판),이문형 ,,2008-02-25,9788979145045
"IT CookBook, UI/UX 디자인 이론과 실습 with Adobe XD",이영주 ,,2020-01-06,9791156644651
맛있는 디자인 일러스트레이터 CS6,우보명 ,,2012-12-12,9788979149890
회사에서 바로 통하는 일러스트레이터 CS5,박혜진(삐딱대가리) ,,2011-04-28,9788979148244
회사에서 바로 통하는 포토샵 CS4,원다예 ,,2009-04-09,9788979146660
스콧 켈비의 사진가를 위한 포토샵 CS6,스콧 켈비(Scott Kelby) ,,2013-07-09,9788968480324
"IT CookBook, 모바일 & 데스크톱을 위한 웹 기획 프로세스",강은정 ,,2018-11-25,9791156644323
Designing Web Navigation : 사용자 경험 최적화를 위한 웹 내비게이션 설계 원칙,제임스 콜백 ,,2008-03-01,9788979145588
"잰양, 티백, 앤하우스의 디자인문구 다락방","류재은 , 김신애 , 장보경 ",,2010-08-26,9788979147643
"IT CookBook, 웹 디자인 이론과 실습",강은정 ,,2017-06-05,9791156643258
진짜 삐졌어요,오렐리 쉬엥 쇼 쉰느 ,,2020-02-29,9791162242698
정유진의 웹 2.0 기획론: 강력한 웹 2.0 서비스를 만드는 13개의 키워드,정유진 ,,2006-12-15,8979144555
정말 화나요!,오렐리 쉬엥 쇼 쉰느 ,,2020-02-29,9791162242612
멀티 디바이스 UX 디자인 : 사물인터넷 생태계 경험을 지배하는 3가지 핵심 원리,미할 레빈 ,,2014-11-12,9788968481307
미로 마스터 LEVEL1. 세계 미로 대탈출,앤디 피터스 ,,2020-04-03,9791162242926
미로 마스터 LEVEL1. 우주 미로 대탈출,앤디 피터스 ,,2020-04-03,9791162242933
미로 마스터 LEVEL3. 크레이지 미로,사이먼 워드 ,,2020-05-08,9791162242957
똑똑한 두뇌 연습 : 세계 여행 다른 그림 찾기,제니 에스피노사 ,,2020-05-15,9791162243015
똑똑한 두뇌 연습 : 점 잇기,조 문 ,,2020-05-15,9791162243022
미로 마스터 LEVEL2. 미스터리 미로,마크 워커 ,,2020-05-08,9791162242940
"IT CookBook, 디지털 집적회로 해석 및 설계","데이비드 하지즈 , 호레스 잭슨 , 레스베 살레 ",,2010-08-20,9788979147513
"IT CookBook, 아날로그 CMOS 집적회로 설계 : Design of Analog CMOS Integrated Circuits",버자드 라자비(Behzad Razavi) ,,2009-05-15,9788979146721
"똑똑한 두뇌 연습 100 : 탈것, 동물, 축구 세트",발롱 미디어 ,,2020-05-15,9791162243121
"IT CookBook, design school 일러스트레이터 CC",이영주 ,,2018-11-30,9791156643920
"똑똑한 두뇌 연습 100 : 공주, 동물, 색칠 세트",발롱 미디어 ,,2020-05-15,9791162243114
재미있고 빠른 첫 한글 준비 선 긋기1권 직선∙곡선∙자음∙모음,한빛학습연구회 ,,2020-07-20,9791162243251
재미있고 빠른 첫 한글 쓰기1권 모음∙자음∙쉬운 낱말,한빛학습연구회 ,,2020-07-20,9791162243275
좋은 사진을 만드는 김주원의 포토샵 사진 강의,김주원 ,,2012-05-14,9788979149265
스콧 켈비의 라이트룸 CC 킬러 팁 북,스콧 켈비(Scott Kelby) ,,2016-05-31,9788968482854
손뜨개 가방과 모자,Little Lion ,,2019-10-01,9791188007370
나도 손그림 잘 그리면 소원이 없겠네,심다은(오늘의다은) ,,2019-11-28,9791188007424
사물 인터넷 · 웨어러블 Ver 0.9: 새로운 IT 플랫폼을 완성하는 서비스 기획 · UX 가이드,송태민 ,,2015-03-28,9788968481635
나도 손글씨 바르게 쓰면 소원이 없겠네,유한빈(펜크래프트) ,,2019-10-09,9791188007394
모던 웹을 위한 실시간 사용자 경험(UX) 프로그래밍: 웹사이트에 인터랙티브를 더하는 마술,테드 로덴 ,,2012-05-04,9788979149159
아이주도이유식 (개정판),"질 래플리 , 트레이시 머켓 ",,2019-11-20,9791188007417
리얼 뉴질랜드 [2020~2021년],"박선영(Rolly) , 김상훈(Paul) ",,2019-10-30,9791188007387
오래가는 UX 디자인: 모바일 시대의 제품 디자인 기본 원칙,반준철 ,,2013-01-24,9788979149982
리얼 호주 [2020~2021년 최신판],"박선영(Rolly) , 김상훈(Paul) ",,2019-10-25,9791188007363
리얼 상하이 항저우·쑤저우 [2020~2021년 개정판],도선미 ,,2019-12-05,9791188007400
만화로 배우는 와인의 역사,"브누아 시마 , 다니엘 카사나브 ",,2019-11-29,9791157843732
왜 나는 매일 아이에게 미안할까,김아연(틈틈이) ,,2019-12-10,9791188007448
리얼 괌 [2020~2021년 최신판],민정아 ,,2019-12-02,9791188007431
리얼 오사카 교토·고베·나라 [2020~2021 개정판],"황성민 , 정현미 ",,2019-12-27,9791188007349
나도 글 좀 잘 쓰면 소원이 없겠네,김봉석 ,,2020-01-15,9791188007462
영어는 잘하고 싶은데 열심히 하고 싶진 않아,"문덕 , 스노우캣 ",,2020-01-30,9791188007486
나도 손글씨 바르게 쓰면 소원이 없겠네 [핸디 워크북],유한빈(펜크래프트) ,,2020-02-04,8809592740019
리얼 방콕 [2020~2021년 최신판],배나영 ,,2020-02-10,9791188007455
오늘도 화내고 말았습니다,박윤미 ,,2020-04-20,9791188007523
리얼 하와이 [2020~2021년 최신판],김화정 ,,2020-02-20,9791188007479
나는 왜 네 말이 힘들까,박재연 ,,2020-07-01,9791190846011
나도 좀 가벼워지면 소원이 없겠네,강하나 ,,2020-02-20,9791188007493
똑똑한 두뇌 연습 365  2권,발롱 미디어 ,,2019-10-28,9791162242391
똑똑한 두뇌 연습 365  세트,발롱 미디어 ,,2019-10-28,9791162242377
똑똑한 두뇌 연습 365  1권,발롱 미디어 ,,2019-10-28,9791162242384
모바일 보일러플레이트 : 모바일 웹 개발 실무를 위한 어비의 노하우,송태민 ,,2013-10-20,9788968486487
좋은 사진을 만드는 김주원의 풍경사진,김주원 ,,2015-03-28,9788968481833
HTML5 보일러플레이트 : 크로스 브라우징과 반응형 웹을 위한 어비의 노하우,송태민 ,,2013-06-30,9788968486395
좋은 사진을 만드는 김주원의 DSLR 사진 입문  : 누구에게도 묻지 못했던 사진에 관한 87가지 질문,김주원 ,,2013-06-11,9788968480232
좋은 사진을 만드는 김주원의 미러리스 & DSLR 사진강의,김주원 ,,2015-11-12,9788968482267
공학도를 위한 경영 : 4차 산업혁명 시대,하귀룡 ,,2020-02-28,9791156644866
"SWedu 011, 앱 인벤터(2판) : 쉽고 재미있게 만드는 앱 프로그래밍",이종원 ,,2020-02-21,9791156644873
제대로 배우는 MATLAB&Simulink,방성완 ,,2020-03-05,9791156644828
맛있는 디자인 라이트룸 CC,김주원 ,,2019-08-01,9791162242056
"IT CookBook, CentOS 리눅스",이종원 ,,2020-05-30,9791156644897
"IT CookBook, 처음 만나는 신재생에너지",김지홍 ,,2020-06-10,9791156644859
"IT CookBook, 인공지능 시대를 위한 컴퓨터 과학 개론",정기철 ,,2020-06-19,9791156644958
누구나 파이썬 통계분석,타니아이 히로키 ,,2020-04-06,9791156644880
프리드버그 선형대수학,"스티븐 H. 프리드버그 , 아놀드 J. 인셀 , 로렌스 E. 스펜스 ",,2020-06-05,9791156644910
"IT CookBook, 코틀린을 활용한 안드로이드 프로그래밍","우재남 , 유혜림 ",,2020-06-19,9791156644965
"IT CookBook, 쉽게 배우는 MFC 윈도우 프로그래밍","김선우 , 신화선 ",,2020-06-20,9791156644903
응용이 보이는 선형대수학 : 파이썬과 함께하는 선형대수학 이론과 응용,이건명 ,,2020-07-06,9791156645009
엄마의 말하기 연습,박재연 ,,2018-02-27,9791188007134
"IT CookBook, 초연결 사회의 데이터통신과 네트워킹",강문식 ,,2020-06-30,9791156644927
하루 3줄 영어 습관,정은희 ,,2018-11-19,9791157842957
공학 핵심수학(2판)  : 기초부터 심화까지 핵심만 쏙쏙,함남우 ,,2020-07-06,9791156644996
나도 영어 잘하면 소원이 없겠네,박선생 ,,2019-03-11,9791188007240
하루 3줄 영어 일기,ALC 편집부 ,,2017-11-22,9791157842131
딥러닝을 위한 선형대수학,Gilbert Strang ,,2020-08-05,9791156644972
창의적 공학설계(3판),김은경 ,,2020-07-10,9791156644934
"IT CookBook, 따라 하면서 배우는 사물인터넷",양재삼 ,,2020-07-23,9791156644941
대학을 버려야 대학이 산다,조동성 외 인천대학교 가족 178명 ,,2020-07-25,9791156645016
R로 하는 다변량 데이터 분석 : 이론부터 실무 활용까지,"카와하시 잇코 , 이와마 노리카즈 , 스즈키 마사유키 ",,2020-07-10,9791156644989
"IT CookBook, 오라클로 배우는 데이터베이스 개론과 실습(2판)","박우창 , 남송휘 , 이현룡 ",,2020-07-30,9791156645023
혼자 공부하는 첫 프로그래밍 with 파이썬,문현일 ,,2020-06-30,9791162243039
파이썬 증권 데이터 분석,김황후 ,,2020-07-01,9791162243206
"SWedu, 앱 인벤터",이종원 ,,2018-06-04,9791156643968
퀀트 전략을 위한 인공지능 트레이딩,"김태헌 , 신준호 ",,2020-08-20,9791162243312
유닉스의 탄생,브라이언 커니핸 ,,2020-08-03,9791162243282
이것이 취업을 위한 코딩 테스트다 with 파이썬,나동빈 ,,2020-08-05,9791162243077
"IT CookBook, TCP/IP 윈도우 소켓 프로그래밍",김선우 ,,2013-07-28,9788998756444
나의 첫 파이썬(2판),에릭 마테스 ,,2020-07-01,9791162243060
핸즈온 비지도 학습,안쿠르 A. 파텔 ,,2020-07-20,9791162243190
"IT CookBook, 윈도우 프로그래밍 : Visual C++ 2010 MFC Programming","김선우 , 신화선 ",,2014-01-08,9788998756697
초소형 머신러닝 TinyML,"피트 워든 , 대니얼 시투나야케 ",,2020-08-20,9791162243411
처음 시작하는 파이썬(2판),빌 루바노빅 ,,2020-08-24,9791162243336
나도 영어 잘하면 소원이 없겠네,박선생 ,,2019-03-11,9791188007240
스트랭 미분방정식과 선형대수학,Gilbert Strang ,,2019-07-09,9791156644422
처음 시작하는 딥러닝,세스 와이드먼 ,,2020-08-20,9791162243343
스트랭 미분적분학,Gilbert Strang ,,2019-01-02,9791156644378
"IT CookBook, 단계별로 배우는 안드로이드 프로그래밍",김선우 ,,2017-12-08,9791156643630
앱 인벤터 2 : 구글과 MIT 앱 인벤터 개발팀이 안내하는 안드로이드 프로그래밍,"David Wolber , Hal Abelson , Ellen Spertus , Liz Looney ",,2015-07-20,9791156641865
엄마의 말하기 연습,박재연 ,,2018-02-27,9791188007134
"IT CookBook, 윈도우 네트워크 프로그래밍 : TCP/IP 소켓 프로그래밍","김선우 , 필드어드바이저: 김재우 ",,2008-12-01,9788979146387
뇌를 자극하는 TCP/IP 소켓 프로그래밍,윤상배 ,,2011-02-11,9788979148046
"IT CookBook, 윈도우 프로그래밍 : Visual C++ MFC Programming(개정판)","김선우 , 신화선 ",,2014-02-19,9788998756888
"IT CookBook, 핵심 API로 배우는 윈도우 프로그래밍",강경우 ,,2015-06-28,9791156641872
해커와 화가,폴 그레이엄 ,,2014-01-24,9788968480713
"IT CookBook, 윈도우 API 프로그래밍",강경우 ,,2014-01-05,9788998756932
"IT CookBook, Android Studio를 활용한 안드로이드 프로그래밍(증보판)","우재남 , 박길식 ",,2016-01-03,9791156642480
"IT CookBook, Eclipse를 활용한 안드로이드 프로그래밍","우재남 , 이복기 ",,2015-01-28,9791156641711
유닉스의 탄생,브라이언 커니핸 ,,2020-08-03,9791162243282
하루 3줄 영어 습관,정은희 ,,2018-11-19,9791157842957
하루 3줄 영어 일기,ALC 편집부 ,,2017-11-22,9791157842131
나는 왜 네 말이 힘들까,박재연 ,,2020-07-01,9791190846011
해커스 : 세상을 바꾼 컴퓨터 천재들 (무삭제판),스티븐 레비 ,,2013-08-19,9788968480454
"윈도우즈 API 정복(개정판), 제2권",김상형 ,,2006-06-01,8979144229
"IT CookBook, MFC 윈도우 프로그래밍",강경우 ,,2017-06-26,9791156643265
"윈도우즈 API 정복(개정판), 제1권",김상형 ,,2006-06-01,8979144210
해커와 화가,폴 그레이엄 ,,2014-01-24,9788968480713
"해커, 광기의 랩소디 : 세상을 바꾼 컴퓨터 혁명의 영웅들(복간판)",스티븐 레비 ,,2019-05-05,9791162241769
해커스 : 세상을 바꾼 컴퓨터 천재들 (무삭제판),스티븐 레비 ,,2013-08-19,9788968480454
"해커, 광기의 랩소디 : 세상을 바꾼 컴퓨터 혁명의 영웅들(복간판)",스티븐 레비 ,,2019-05-05,9791162241769
